combo,size,htf,n_long,n_short,precision_long,precision_short,random_precision_long,random_precision_short,lift_long,lift_short,recall_fast_up,recall_fast_down,recall_fast,recall_slow,false_in_flat_share,false_in_pullback_share,false_counter_wave_share,false_late_share,latency_min_median,travelled_pct_median,repeat_signals_per_caught_wave,lift_long_worst,lift_short_worst,recall_fast_worst,recall_fast_up_down,precision_ok
i034+i049+i099+i097,4,True,47.0,52.0,0.6176470588235294,0.5686274509803921,0.40319148936170207,0.37295081967213106,1.510791366906475,1.4906832298136647,0.0014829461196243204,0.0016801075268817205,0.0017246626762706706,0.0066815144766146995,0.3958333333333333,0.034482758620689655,0.22916666666666666,0.2916666666666667,26.0,44.0506329113922,0.020833333333333332,1.1428571428571428,1.2531328320802002,0.0012445550715619166,0.0017246626762706706,True
i020+i049+i042+i097,4,False,52.0,51.0,0.6666666666666666,0.5964912280701754,0.3921052631578947,0.392,1.7002237136465326,1.6037735849056605,0.001646502970864056,0.0020168067226890756,0.0016899180209981302,0.005567928730512249,0.40625,0.02702702702702703,0.20408163265306123,0.29545454545454547,24.0,47.44700706572463,0.0,1.1320754716981132,1.4323607427055705,0.001431238332296204,0.0016899180209981302,True
i027+i049+i042+i069,4,True,26.0,34.0,0.6363636363636364,0.6176470588235294,0.41818181818181815,0.37916666666666665,1.6585365853658536,1.5671641791044775,0.0012706480304955528,0.0013440860215053765,0.0013063357282821686,0.0037481259370314842,0.3793103448275862,0.043478260869565216,0.21739130434782608,0.3448275862068966,15.0,48.36585939336954,0.0,1.0869565217391304,1.3186813186813184,0.00074673304293715,0.0013063357282821686,True
i027+i049+i042+i097,4,True,27.0,32.0,0.6296296296296297,0.59375,0.4018518518518519,0.39166666666666666,1.5668202764976957,1.4559386973180075,0.0012706480304955528,0.0013440860215053765,0.0013063357282821686,0.0037481259370314842,0.36363636363636365,0.05263157894736842,0.18181818181818182,0.3888888888888889,14.0,45.650595527147274,0.0,1.2751677852348993,1.230769230769231,0.0008711885500933416,0.0013063357282821686,True
i027+i049+i042+i068,4,True,29.0,40.0,0.6086956521739131,0.6170212765957447,0.38750000000000007,0.396,1.5668202764976955,1.4948453608247423,0.0012706480304955528,0.0013440860215053765,0.0013063357282821686,0.004747626186906547,0.4594594594594595,0.04,0.23076923076923078,0.391304347826087,17.0,45.72649572649613,0.0,1.2598425196850396,1.3333333333333335,0.00074673304293715,0.0013063357282821686,True
i027+i034+i049+i042,4,True,39.0,44.0,0.625,0.6041666666666666,0.40714285714285714,0.3822916666666666,1.6199376947040502,1.580381471389646,0.0010738062853461235,0.0012280575019865637,0.0011505824823817058,0.00573927302541678,0.4666666666666667,0.02631578947368421,0.15151515151515152,0.34210526315789475,17.0,43.820188250567995,0.0,1.358024691358025,0.983606557377049,0.0010267579340385812,0.0011505824823817058,True
i020+i049+i099+i097,4,True,32.0,32.0,0.64,0.59375,0.40172413793103445,0.3763888888888889,1.5920398009950247,1.6236162361623618,0.001235788433020267,0.001011341472224229,0.0011430437622468974,0.004646078163432632,0.4642857142857143,0.041666666666666664,0.20833333333333334,0.1935483870967742,25.5,41.937008727946555,0.0,1.1842105263157894,1.0317460317460316,0.0008400746733042937,0.0011430437622468974,True
i027+i020+i049+i099,4,False,26.0,34.0,0.6190476190476191,0.5833333333333334,0.39047619047619053,0.3843137254901961,1.5853658536585364,1.320754716981132,0.0012706480304955528,0.0006893958385560291,0.001115958202292787,0.003248375812093953,0.3076923076923077,0.07692307692307693,0.34285714285714286,0.3142857142857143,12.5,42.020282167779264,0.0,0.7960199004975124,0.9183673469387755,0.0007778469197261979,0.001115958202292787,True
i018+i049+i043+i042,4,False,39.0,32.0,0.6153846153846154,0.575,0.3877777777777778,0.35806451612903223,1.6,1.5217391304347825,0.0012885675424153483,0.0006893958385560291,0.0009708039695095642,0.005790645879732739,0.775,0.03571428571428571,0.03125,0.175,57.0,48.12356979404993,0.0,1.2034383954154728,1.2830188679245282,0.0006649304593561257,0.0009708039695095642,True
i027+i020+i033+i049,4,True,16.0,22.0,0.625,0.5945945945945946,0.4153846153846154,0.36086956521739133,1.4388489208633093,1.5662650602409636,0.0008650519031141869,0.000784313725490196,0.0008164598301763554,0.0023709167544783984,0.2916666666666667,0.0625,0.3125,0.3333333333333333,15.5,44.204980842911546,0.0,0.9259259259259259,1.2422360248447206,0.0004986978445170943,0.0008164598301763554,True
i020+i049+i042+i097,4,True,16.0,19.0,0.6538461538461539,0.7058823529411765,0.3866666666666667,0.39074074074074067,1.7241379310344829,1.8181818181818181,0.0005561047948591201,0.0010835801488116737,0.0007550697540629944,0.003279584585952446,0.4,0.0,0.2,0.3333333333333333,24.0,46.15748834498804,0.0,1.0344827586206895,1.7391304347826093,0.0005600497822028624,0.0007550697540629944,True
i027+i018+i033+i049,4,True,18.0,18.0,0.5833333333333334,0.6129032258064516,0.38499999999999995,0.36666666666666664,1.379310344827586,1.5463917525773196,0.0006178942165101335,0.000896358543417367,0.0007191140514885661,0.0017491254372813594,0.26666666666666666,0.0,0.25,0.46875,16.0,44.15297603016404,0.0,1.2727272727272727,0.45454545454545453,0.0004898758981058132,0.0007191140514885661,True
i027+i020+i049+i042,4,False,25.0,21.0,0.7333333333333333,0.5925925925925926,0.4166666666666667,0.36111111111111105,1.6793893129770991,1.71875,0.0006353240152477764,0.0006501480892870042,0.0006095195877431152,0.003161222339304531,0.4,0.07407407407407407,0.10526315789473684,0.3684210526315789,17.5,47.174283154121774,0.0,1.2565445026178013,1.3270142180094786,0.00032658393207054214,0.0006095195877431152,True
i027+i020+i018+i049,4,True,13.0,11.0,0.6153846153846154,0.6,0.392,0.36346153846153845,1.5094339622641508,1.4999999999999998,0.0004943153732081067,0.000313361744798195,0.0004986978445170943,0.0018440463645943098,0.3157894736842105,0.05263157894736842,0.23076923076923078,0.2857142857142857,18.0,45.28246942341327,0.0,1.3265306122448979,0.7692307692307693,0.00016329196603527107,0.0004986978445170943,True
i027+i035+i049+i068,4,False,11.0,7.0,0.6363636363636364,0.7,0.3966666666666666,0.35,1.5555555555555556,1.9607843137254903,0.0008770006577504934,0.00037603409375783404,0.0004432869729040838,0.0009995002498750624,0.0,0.0,0.36363636363636365,0.2857142857142857,15.0,52.63157894736933,0.0,0.6349206349206349,1.0,0.00014382281029771322,0.0004432869729040838,True
i018+i049+i043+i042,4,True,16.0,17.0,0.65,0.5882352941176471,0.39166666666666666,0.3708333333333333,1.6666666666666665,1.6129032258064517,0.0005561047948591201,0.0003360215053763441,0.0004355942750466708,0.0026726057906458797,0.7272727272727273,0.0,0.09090909090909091,0.18181818181818182,55.0,47.11538461538585,0.0,1.1538461538461537,1.358024691358025,0.0002770543580650524,0.0004355942750466708,True
i030+i049+i099+i042,4,False,18.0,23.0,0.6111111111111112,0.5652173913043478,0.37500000000000006,0.36875,1.6296296296296295,1.566820276497696,0.0004295225141384494,0.0006720430107526882,0.00043146843089313965,0.004008908685968819,0.5714285714285714,0.0,0.08333333333333333,0.21052631578947367,33.0,44.0506329113922,0.0,1.2658227848101267,1.452513966480447,0.0003422526446795271,0.00043146843089313965,True
i027+i031+i035+i049,4,False,8.0,6.0,0.6666666666666666,0.625,0.40714285714285714,0.4125,1.5384615384615385,1.5151515151515151,0.0006353240152477764,0.0002889547063497797,0.0003878761012910733,0.0007884362680683311,0.0,0.0,0.2857142857142857,0.2,14.5,52.63157894736933,0.0,1.1111111111111112,0.7407407407407407,0.00017977851287214152,0.0003878761012910733,True
i027+i059+i035+i049,4,False,6.0,3.0,0.6666666666666666,0.6666666666666666,0.3708333333333333,0.36666666666666664,1.818181818181818,1.8181818181818181,0.0006353240152477764,0.0002889547063497797,0.0003878761012910733,0.0007903055848261328,0.0,0.0,0.3333333333333333,0.3333333333333333,15.0,53.810623556581824,0.0,0.38461538461538464,0.7692307692307693,0.00014382281029771322,0.0003878761012910733,True
i027+i035+i049+i097,4,False,11.0,7.0,0.6363636363636364,0.6666666666666666,0.3805555555555556,0.39285714285714285,1.5384615384615385,1.6901408450704227,0.0007673755755316816,0.000313361744798195,0.0003878761012910733,0.0009995002498750624,0.0,0.0,0.36363636363636365,0.2857142857142857,16.0,53.221101251975576,0.0,0.6779661016949152,0.8695652173913045,0.00014382281029771322,0.0003878761012910733,True
i027+i035+i049,3,True,11.0,6.0,0.6363636363636364,0.6666666666666666,0.4071428571428572,0.3857142857142857,1.7142857142857142,1.5686274509803921,0.00065775049331287,0.00037603409375783404,0.00033246522967806286,0.0012493753123438282,0.0,0.0,0.4,0.2857142857142857,17.0,52.63157894736933,0.0,0.5882352941176471,1.1111111111111112,0.00014382281029771322,0.00033246522967806286,True
i027+i035+i049+i068,4,True,11.0,6.0,0.6363636363636364,0.6666666666666666,0.4,0.3857142857142857,1.5384615384615385,1.7391304347826086,0.00065775049331287,0.00037603409375783404,0.00033246522967806286,0.0009995002498750624,0.0,0.0,0.4,0.2857142857142857,17.0,52.63157894736933,0.0,0.625,0.9090909090909091,0.00010786710772328491,0.00033246522967806286,True
i027+i061+i035+i049,4,False,7.0,2.0,0.5714285714285714,0.7142857142857143,0.35,0.425,1.4035087719298245,1.9607843137254903,0.0006353240152477764,0.00021671602976233476,0.00033246522967806286,0.0007884362680683311,0.0,0.0,0.4,0.5,15.0,54.88721804511303,0.0,0.7142857142857143,0.0,0.00010786710772328491,0.00033246522967806286,True
i018+i035+i049+i068,4,False,14.0,7.0,0.5714285714285714,0.5454545454545454,0.37857142857142856,0.359090909090909,1.4457831325301203,1.6216216216216217,0.0005481254110940583,0.00037603409375783404,0.00033246522967806286,0.0005256241787122207,0.125,0.11764705882352941,0.375,0.2,13.5,60.79962879901032,0.0,0.5,0.9523809523809524,0.00014382281029771322,0.00033246522967806286,True
i049+i099+i042+i097,4,True,10.0,13.0,0.7142857142857143,0.6,0.395,0.35,1.8072289156626506,1.5652173913043477,0.0002863483427589663,0.00036119338293722457,0.0003236013231698547,0.0019130910084722602,0.5714285714285714,0.1,0.25,0.16666666666666666,25.5,43.29397317211414,0.0,1.2307692307692308,1.2371134020618555,0.0002216434864520419,0.0003236013231698547,True
i027+i020+i049+i042,4,True,8.0,8.0,0.75,0.625,0.3833333333333333,0.3875,1.9354838709677418,1.6326530612244898,0.00018536826495304005,0.0004334320595246695,0.00028764562059542645,0.0010931948619841486,0.2,0.0,0.2,0.4444444444444444,12.0,47.24796840272803,0.0,1.2195121951219512,0.0,0.0,0.00028764562059542645,True
i020+i049+i099+i042,4,True,11.0,12.0,0.6363636363636364,0.5714285714285714,0.39999999999999997,0.3454545454545454,1.473684210526316,1.5,0.00014317417137948315,0.000250689395838556,0.00028764562059542645,0.002107481559536354,0.7142857142857143,0.0,0.1111111111111111,0.16666666666666666,39.0,42.04071553994713,0.0,0.7228915662650603,1.3157894736842106,0.00011082174322602094,0.00028764562059542645,True
i027+i059+i035+i049,4,True,6.0,3.0,0.6666666666666666,0.6666666666666666,0.38,0.36666666666666664,1.7777777777777772,1.8181818181818181,0.0005481254110940583,0.00021671602976233476,0.0002770543580650524,0.0007903055848261328,0.0,0.0,0.4,0.3333333333333333,17.5,53.810623556581824,0.0,0.45454545454545453,0.7999999999999999,0.00010786710772328491,0.0002770543580650524,True
i027+i035+i049+i064,4,True,11.0,6.0,0.6363636363636364,0.625,0.4166666666666667,0.3625,1.4736842105263157,1.6666666666666665,0.0005481254110940583,0.000250689395838556,0.0002770543580650524,0.0009995002498750624,0.0,0.0,0.3333333333333333,0.3333333333333333,17.0,53.346474668737606,0.0,0.6557377049180328,0.769230769230769,0.00010786710772328491,0.0002770543580650524,True
i027+i018+i035+i049,4,False,5.0,2.0,0.8,0.6,0.4083333333333334,0.375,2.0,1.3043478260869563,0.0003994407829039345,0.00018801704687891702,0.0002216434864520419,0.00026343519494204424,0.1,0.0,0.3666666666666667,0.1,12.0,52.63157894736933,0.0,0.36363636363636365,0.0,3.5955702574428306e-05,0.0002216434864520419,True
i027+i061+i035+i049,4,True,7.0,2.0,0.5714285714285714,0.7142857142857143,0.375,0.37,1.3333333333333335,2.1621621621621623,0.0004385003288752467,0.0002061855670103093,0.0002216434864520419,0.0007884362680683311,0.0,0.0,0.5,0.5,19.0,54.88721804511303,0.0,0.6666666666666666,0.0,7.191140514885661e-05,0.0002216434864520419,True
i027+i049+i099+i042,4,True,5.0,2.0,0.7,0.5833333333333333,0.3833333333333333,0.35833333333333334,1.5555555555555554,1.725609756097561,0.0,0.00014447735317488984,0.00014382281029771322,0.0005256241787122207,0.18333333333333335,0.16666666666666666,0.25,0.1,32.0,33.95340482290002,0.0,1.3043478260869565,0.9523809523809523,0.0,0.00014382281029771322,True
i027+i035+i033+i049,4,False,1.0,0.0,0.6666666666666666,0.8333333333333333,0.425,0.43333333333333335,1.7647058823529411,1.9090909090909092,0.00021925016443762334,0.0,0.00011082174322602094,0.0,0.0,0.0,0.5,0.5,10.0,54.9635122410551,0.0,0.0,1.8181818181818181,3.5955702574428306e-05,0.00011082174322602094,True
i027+i035+i033+i049,4,True,1.0,0.0,0.6666666666666666,0.6666666666666666,0.38333333333333336,0.36666666666666664,1.2903225806451615,1.8181818181818181,0.00019972039145196724,0.0,0.00010145074566298062,0.0,0.0,0.0,0.5,0.5,12.75,50.42364828198086,0.0,0.0,1.8181818181818181,0.0,0.00010145074566298062,True
i030+i035+i032+i049,4,False,3.0,1.0,0.6666666666666666,0.5,0.3666666666666666,0.29999999999999993,1.6,1.1111111111111112,0.00010962508221881167,0.0,5.541087161301047e-05,0.0,0.0,0.0,0.3333333333333333,0.0,119.5,57.60527679100067,0.0,0.0,0.0,0.0,5.541087161301047e-05,True
i035+i032+i049+i068,4,True,3.0,1.0,0.5,0.5,0.31666666666666665,0.3166666666666666,1.7391304347826086,1.6666666666666667,0.00010962508221881167,0.0,5.541087161301047e-05,0.0,0.0,0.0,0.3333333333333333,0.0,154.5,59.89905933567135,0.0,0.0,0.0,0.0,5.541087161301047e-05,True
i035+i049+i099+i042,4,False,0.0,0.0,0.8333333333333333,0.5,0.4,0.22499999999999998,2.1693121693121693,1.4285714285714286,0.0,0.0,0.0,0.0,0.0,0.0,0.5,0.5,75.25,50.10064207849273,0.0,1.4814814814814814,0.0,0.0,0.0,True
i020+i035+i032+i049,4,False,2.0,1.0,0.5833333333333333,1.0,0.36875,0.4,1.536231884057971,2.5,0.0,0.0,0.0,0.0,0.0,0.0,0.25,0.0,224.0,66.25222024866822,0.0,0.0,0.0,0.0,0.0,True
i020+i035+i032+i049,4,True,2.0,1.0,0.5833333333333333,1.0,0.375,0.45,1.5773809523809526,2.2222222222222223,0.0,0.0,0.0,0.0,0.0,0.0,0.25,0.0,294.0,70.83978533800959,0.0,0.0,0.0,0.0,0.0,True
