candidate_no,indicator,key,kind,pick_order,score_rank,recall_fast,lift,lift_long,lift_short,false_flat_pullback,latency,stability,n_long,n_short,filter_lift,max_abs_corr_with_picked
1,Zig Zag,i027,D,1,14.9,0.5311114759481201,1.3532582662789565,1.3305351521511013,1.3759813804068115,0.2790447191485516,5.0,1.3171359720067344,11150.0,11151.0,,0.0
2,Chande Kroll Stop,i034,D,2,26.1,0.4555437872791125,1.309130989825806,1.2832891467595742,1.3349728328920376,0.7446703024293505,7.0,1.2351685101945098,44091.0,44223.0,,0.1597605029078172
3,Williams Fractal,i024,D,3,26.9,0.4218741289926975,1.2927622002968682,1.2726706229303888,1.3128537776633478,0.7163515693975097,7.0,1.2214109350106088,33312.0,32362.0,,0.43200518771585883
4,Standard Error Bands,i061,D,4,27.5,0.4039244105022576,1.2487491392024792,1.2291901247894583,1.2683081536155,0.6995175225343158,5.0,1.164021164021164,26416.0,27183.0,,0.45972812320691386
5,Donchian Channels,i031,D,5,29.8,0.2979541780478287,1.3392786836192587,1.3138380206224844,1.3647193466160328,0.6354755128913052,13.0,1.283461846220994,25968.0,25840.0,,0.5849826170075274
6,Bollinger Bands,i059,D,6,30.6,0.2783878700039021,1.3268670737395447,1.2967965011713642,1.356937646307725,0.642525585817348,13.0,1.2564449732627634,18458.0,19349.0,,0.6539612366896494
7,Keltner Channels,i030,D,7,31.0,0.2321757065611238,1.35640052862168,1.3267439925327238,1.386057064710636,0.6276241679467486,16.0,1.2871879647569782,16964.0,17080.0,,0.5869378945084566
8,SuperTrend,i018,D,8,32.3,0.2592675176988684,1.3164985083786371,1.3068518884714255,1.326145128285849,0.7183083625544575,9.0,1.18659793814433,9898.0,9897.0,,0.36722313189170025
9,Parabolic SAR,i020,D,9,32.4,0.4960700150510062,1.1788958532247542,1.163906865757981,1.1938848406915274,0.7439941508251514,4.0,1.0989021335894391,27401.0,27400.0,,0.40071481133302855
10,52-Week High/Low,i035,D,10,34.8,0.0350632699704554,1.3010658641920096,1.3282732447817838,1.2738584836022355,0.2358394007333368,17.0,1.2008639308855291,1798.0,1705.0,,0.23973028327543483
11,MA Channel,i033,D,11,35.6,0.4655777914042031,1.2561096142744574,1.2437433050929985,1.2684759234559164,0.7921662880988853,6.0,1.1743799946520626,37526.0,37378.0,,0.5272621161054125
12,Price Channel,i032,D,12,35.6,0.4990244718211717,1.203126042558205,1.1928300346048557,1.2134220505115545,0.7983646941663609,4.0,1.1250231076603672,35619.0,35585.0,,0.5013718561081973
13,Awesome Oscillator,i043,D,13,35.8,0.3057584034784548,1.2585379003441797,1.245332747638919,1.2717430530494405,0.7446415897799857,10.0,1.17222512193805,13963.0,13964.0,,0.28912713856673966
14,TRIX,i049,D,14,35.8,0.1667874463459501,1.2673273757042112,1.2416391898257184,1.2930155615827037,0.6936163806082504,21.0,1.2171084106784045,6616.0,6616.0,,0.16494656708042754
15,Adaptive MA,i010,D,15,36.2,0.5728301466079492,1.1734020402428191,1.166849023592112,1.1799550568935262,0.8013481670336462,3.0,1.1107421988226427,48604.0,48602.0,,0.543310478990314
16,Average Price,i099,D,16,36.3,0.459668877863872,1.207477105291607,1.2046582904291256,1.2102959201540884,0.7858642866517915,5.0,1.13913334861819,29210.0,29218.0,,0.6189291880747247
17,ATR,i064,F,1,,,,,,,,,,,1.3370814702108809,0.0
18,O-H-L-C Volatility,i069,F,2,,,,,,,,,,,1.3052657321258392,0.7955795969686958
19,Standard Error,i097,F,3,,,,,,,,,,,1.2793255411368936,0.5939490886533805
20,Non-Directional Close-to-Close Volatility,i068,F,4,,,,,,,,,,,1.271010754806561,0.6537137815127172
