rank,combo,size,htf,n_long,n_short,precision_long,precision_short,random_precision_long,random_precision_short,lift_long,lift_short,recall_fast_up,recall_fast_down,recall_fast,recall_slow,false_in_flat_share,false_in_pullback_share,false_counter_wave_share,false_late_share,latency_min_median,travelled_pct_median,repeat_signals_per_caught_wave,lift_long_worst,lift_short_worst,recall_fast_worst,recall_fast_up_down,precision_ok,n_long_total,n_short_total,pooled_precision_long,p_binom_long,pooled_precision_short,p_binom_short
1,i033+i049+i099+i097,4,True,44.0,52.0,0.6166666666666667,0.59375,0.3952380952380953,0.38671875,1.5662650602409638,1.5353535353535352,0.001610405698358625,0.002027712064886786,0.0020068008250181167,0.005940141649531642,0.48,0.03333333333333333,0.2,0.25,24.0,45.014698621635816,0.020833333333333332,1.1538461538461537,1.1764705882352942,0.0012657312310140314,0.0020068008250181167,True,229,264,0.5676855895196506,9.327076460112142e-08,0.553030303030303,4.0002047008437204e-08
2,i027+i034+i033+i049,4,True,51.0,43.0,0.5882352941176471,0.5666666666666667,0.387037037037037,0.37337662337662336,1.3544018058690743,1.5315315315315314,0.0017642518469511523,0.0016910935738444193,0.0017280784882100452,0.0047873838355392846,0.2647058823529412,0.05263157894736842,0.23684210526315788,0.3548387096774194,13.0,43.88997511553457,0.01818181818181818,1.1363636363636365,1.1267605633802817,0.001465818363273453,0.0017280784882100452,True,233,237,0.5364806866952789,6.441115326230565e-06,0.5780590717299579,9.115036372917585e-10
3,i027+i033+i049+i099,4,False,42.0,39.0,0.582089552238806,0.5714285714285714,0.3830882352941176,0.3756410256410256,1.6504854368932043,1.5722120658135283,0.001800720288115246,0.001447178002894356,0.001626842907981698,0.004569339730408956,0.25,0.06666666666666667,0.3103448275862069,0.3655913978494624,15.0,46.55172413793041,0.0,0.9213051823416508,0.8530805687203791,0.001309880239520958,0.001626842907981698,True,226,243,0.5132743362831859,5.561043483023355e-05,0.5185185185185185,1.8385810927269786e-05
4,i020+i049+i099+i097,4,True,30.0,31.0,0.64,0.6111111111111112,0.39200000000000007,0.3870967741935483,1.6326530612244896,1.5833333333333337,0.0012387736141220192,0.001017293997965412,0.0011492365785585289,0.0047873838355392846,0.4230769230769231,0.041666666666666664,0.20833333333333334,0.2,25.5,41.937008727946555,0.0,1.1929824561403508,1.194029850746269,0.0008420658682634731,0.0011492365785585289,True,159,165,0.6415094339622641,8.471647646224758e-10,0.5636363636363636,1.384511052005083e-06
5,i049+i010+i099+i069,4,True,21.0,27.0,0.6086956521739131,0.5897435897435898,0.391304347826087,0.3734375,1.5555555555555556,1.575342465753425,0.0008003201280512205,0.001013856032443393,0.0011492365785585289,0.002970070824765821,0.4,0.09090909090909091,0.18181818181818182,0.21739130434782608,23.5,42.10526315789521,0.0,1.3636363636363635,1.1650485436893205,0.0005925648702594811,0.0011492365785585289,True,108,141,0.6018518518518519,8.520439140857988e-06,0.5602836879432624,3.6388816358457323e-06
6,i027+i031+i035+i049,4,False,7.0,6.0,0.6666666666666666,0.625,0.41428571428571426,0.39375,1.702127659574468,1.5686274509803924,0.00031928480204342275,0.0002906554279901177,0.00039021127153130054,0.0008101539292465569,0.0,0.0,0.2857142857142857,0.2,14.5,52.63157894736933,0.0,0.6896551724137931,0.7142857142857143,0.00018081874728771878,0.00039021127153130054,True,45,28,0.6444444444444445,0.0009833132298056174,0.6071428571428571,0.027100909965502417
7,i027+i030+i035+i049,4,False,7.0,5.0,0.6363636363636364,0.6666666666666666,0.37142857142857144,0.3928571428571429,1.5053763440860215,1.5584415584415585,0.00031928480204342275,0.0002906554279901177,0.00039021127153130054,0.0008051529790660225,0.0,0.0,0.42857142857142855,0.2857142857142857,14.5,53.810623556581824,0.0,0.39999999999999997,0.6896551724137931,0.00014465499783017504,0.00039021127153130054,True,41,28,0.6097560975609756,0.003145397198580348,0.6428571428571429,0.006169839038478877
8,i027+i030+i035+i049,4,True,7.0,5.0,0.6666666666666666,0.6666666666666666,0.4,0.4,1.739130434782609,1.4999999999999998,0.00031928480204342275,0.0002179915709925883,0.00033446680416968614,0.0008051529790660225,0.0,0.0,0.42857142857142855,0.2857142857142857,17.0,53.810623556581824,0.0,0.3571428571428571,0.6451612903225806,0.00010849124837263127,0.00033446680416968614,True,38,27,0.6052631578947368,0.010095251963412414,0.6296296296296297,0.020920444255215616
9,i027+i035+i049,3,True,9.0,6.0,0.6153846153846154,0.6666666666666666,0.3916666666666666,0.425,1.3793103448275865,1.5686274509803921,0.0006385696040868455,0.0003769080972422891,0.00033446680416968614,0.0010735373054213634,0.0,0.0,0.3333333333333333,0.2857142857142857,17.0,54.03167746580317,0.0,0.6451612903225806,0.8333333333333335,0.00014465499783017504,0.00033446680416968614,True,51,32,0.5882352941176471,0.008254272411112259,0.625,0.01795088491802136
10,i027+i035+i049+i068,4,True,9.0,6.0,0.5833333333333334,0.6666666666666666,0.3888888888888889,0.41000000000000003,1.4285714285714286,1.5384615384615385,0.0006385696040868455,0.0003769080972422891,0.00033446680416968614,0.0010193679918450561,0.0,0.0,0.3333333333333333,0.2857142857142857,17.0,54.03167746580317,0.0,0.7017543859649122,1.0344827586206895,0.00010849124837263127,0.00033446680416968614,True,49,31,0.5918367346938775,0.0034687948304350743,0.6129032258064516,0.01223417659332178
11,i027+i035+i049+i069,4,True,7.0,6.0,0.5833333333333334,0.6666666666666666,0.37916666666666665,0.3875,1.5384615384615385,1.5189873417721516,0.0005513287021722351,0.0003140900810352409,0.000280688622754491,0.0005401026194977045,0.0,0.0,0.3333333333333333,0.3333333333333333,15.5,54.73186119873817,0.0,0.8695652173913041,0.7142857142857142,0.00010849124837263127,0.000280688622754491,True,45,29,0.5777777777777777,0.0078971553273179,0.5862068965517241,0.037376379380155283
12,i027+i018+i035+i049,4,True,4.0,2.0,0.8333333333333334,0.6,0.39166666666666666,0.36000000000000004,2.0,1.6666666666666665,0.00031928480204342275,0.00018845404862114455,0.00022297786944645745,0.00026838432635534085,0.1,0.0,0.45,0.1,12.5,52.63157894736933,0.0,0.3773584905660377,0.0,3.616374945754376e-05,0.00022297786944645745,True,22,13,0.6363636363636364,0.03237548131185808,0.6153846153846154,0.05918321257108815
13,i027+i018+i035+i049,4,False,5.0,2.0,0.8,0.6,0.35999999999999993,0.375,2.173913043478261,1.3043478260869563,0.00031928480204342275,0.00018845404862114455,0.00022297786944645745,0.00026838432635534085,0.1,0.0,0.3666666666666667,0.1,12.5,52.63157894736933,0.0,0.4761904761904762,0.0,3.616374945754376e-05,0.00022297786944645745,True,23,13,0.6086956521739131,0.01513438959744365,0.6153846153846154,0.10280524525264476
14,i034+i018+i035+i049,4,False,5.0,2.0,0.6363636363636364,0.625,0.4,0.40625,1.590909090909091,1.5384615384615385,0.00022053148086889404,0.0002512720648281927,0.00016723340208484307,0.0,0.16666666666666666,0.0,0.2857142857142857,0.2857142857142857,11.0,69.70956520671727,0.0,0.39215686274509803,1.1764705882352942,0.00010849124837263127,0.00016723340208484307,True,29,21,0.5172413793103449,0.20356669891137227,0.6666666666666666,0.015507652790415912
15,i027+i035+i033+i049,4,False,1.0,0.0,0.6666666666666666,0.8333333333333333,0.4,0.35,1.6,2.380952380952381,0.00022053148086889404,0.0,0.00011148893472322872,0.0,0.0,0.0,0.5,0.5,10.0,54.9635122410551,0.0,0.0,1.9047619047619049,3.616374945754376e-05,0.00011148893472322872,True,10,4,0.6,0.16623861760000005,0.75,0.12648125
16,i027+i035+i033+i049,4,True,1.0,0.0,0.6666666666666666,0.6666666666666666,0.4,0.26666666666666666,1.4814814814814814,2.5,0.00020008003201280514,0.0,0.00010167768174885612,0.0,0.0,0.0,0.5,0.5,12.75,50.42364828198086,0.0,0.0,2.5,0.0,0.00010167768174885612,True,9,3,0.5555555555555556,0.26656768,0.6666666666666666,0.1754074074074074
17,i035+i049+i010+i099,4,False,3.0,1.0,0.8333333333333333,0.5,0.375,0.325,2.2291021671826625,1.5384615384615383,0.00011026574043444702,0.0,5.574446736161436e-05,0.0,0.0,0.3333333333333333,0.0,0.3333333333333333,125.5,54.26859976815078,0.0,0.7407407407407406,0.0,0.0,5.574446736161436e-05,True,11,4,0.7272727272727273,0.029281484800000004,0.5,0.4148145263671875
18,i059+i035+i032+i049,4,False,3.0,1.0,0.6666666666666666,0.5,0.4333333333333333,0.3333333333333333,1.4285714285714284,2.0,0.00011026574043444702,0.0,5.574446736161436e-05,0.0,0.0,0.0,0.3333333333333333,0.0,119.5,57.60527679100067,0.0,0.0,0.0,0.0,5.574446736161436e-05,True,14,6,0.5714285714285714,0.1926289962019411,0.5,0.2712740530927158
19,i035+i032+i049+i097,4,False,3.0,1.0,0.6666666666666666,0.5,0.3833333333333333,0.275,1.3793103448275863,1.8181818181818181,0.00011026574043444702,0.0,5.574446736161436e-05,0.0,0.0,0.0,0.3333333333333333,0.0,119.5,57.60527679100067,0.0,0.0,0.0,0.0,5.574446736161436e-05,True,14,6,0.5714285714285714,0.11954414846418351,0.5,0.2556899999999999
20,i035+i043+i049+i010,4,False,3.0,1.0,0.6666666666666666,1.0,0.4,0.35,1.5873015873015874,2.5,6.193868070610096e-05,0.0,5.574446736161436e-05,0.0,0.25,0.16666666666666666,0.16666666666666666,0.41666666666666663,119.5,54.26859976815078,0.0,0.7142857142857142,0.0,0.0,5.574446736161436e-05,True,11,3,0.6363636363636364,0.08862379733165472,0.6666666666666666,0.2592592592592592
21,i035+i043+i049+i010,4,True,3.0,1.0,0.6666666666666666,1.0,0.4,0.45,1.7261904761904763,1.8181818181818181,6.193868070610096e-05,0.0,5.574446736161436e-05,0.0,0.25,0.16666666666666666,0.16666666666666666,0.41666666666666663,119.5,54.26859976815078,0.0,0.7692307692307693,0.0,0.0,5.574446736161436e-05,True,11,3,0.6363636363636364,0.09388389391859545,0.6666666666666666,0.352
22,i024+i035+i032+i049,4,False,3.0,1.0,0.5833333333333333,0.6666666666666666,0.3833333333333333,0.3,1.464646464646465,1.9999999999999998,0.00011026574043444702,0.0,5.574446736161436e-05,0.0,0.0,0.16666666666666666,0.16666666666666666,0.16666666666666666,119.5,57.60527679100067,0.0,0.9523809523809523,0.0,0.0,5.574446736161436e-05,True,12,5,0.5833333333333334,0.13706252155494425,0.6,0.1765593406
23,i030+i035+i032+i049,4,True,3.0,1.0,0.5,0.5,0.325,0.3166666666666666,1.3793103448275859,1.5384615384615383,0.00011026574043444702,0.0,5.574446736161436e-05,0.0,0.0,0.0,0.3333333333333333,0.0,154.5,59.89905933567135,0.0,0.0,0.0,0.0,5.574446736161436e-05,True,12,6,0.5,0.3238140481056193,0.5,0.28713976830418375
24,i035+i032+i043+i049,4,True,2.0,1.0,0.5,0.5,0.3,0.325,1.4285714285714286,1.6666666666666667,6.193868070610096e-05,0.0,5.574446736161436e-05,0.0,0.0,0.0,0.3333333333333333,0.0,154.5,57.18141028418111,0.0,0.0,0.0,0.0,5.574446736161436e-05,True,11,5,0.45454545454545453,0.24126437221158498,0.6,0.2508973056
25,i018+i035+i049+i010,4,False,2.0,1.0,0.75,1.0,0.375,0.3,1.776315789473684,3.3333333333333335,0.0,0.0,3.1187624750499e-05,0.0,0.25,0.25,0.25,0.25,119.5,54.26859976815078,0.0,0.0,0.0,0.0,3.1187624750499e-05,True,9,3,0.6666666666666666,0.057736296020488395,0.6666666666666666,0.28175
26,i018+i035+i049+i010,4,True,2.0,1.0,0.75,1.0,0.39375000000000004,0.3,1.8458781362007168,2.0,0.0,0.0,3.1187624750499e-05,0.0,0.25,0.25,0.25,0.25,119.5,54.26859976815078,0.0,0.0,0.0,0.0,3.1187624750499e-05,True,9,3,0.6666666666666666,0.09328790212661568,0.6666666666666666,0.23732407407407405
27,i020+i035+i049+i010,4,False,1.0,1.0,0.875,1.0,0.36666666666666664,0.45,2.403846153846154,2.0,0.0,0.0,0.0,0.0,0.0,0.16666666666666666,0.3333333333333333,0.5,123.5,67.4541524007829,0.0,0.0,0.0,0.0,0.0,True,9,4,0.7777777777777778,0.01778541263131559,0.5,0.6292520263671875
28,i020+i035+i049+i010,4,True,1.0,1.0,0.8333333333333333,1.0,0.475,0.325,1.8695652173913042,2.857142857142857,0.0,0.0,0.0,0.0,0.0,0.16666666666666666,0.3333333333333333,0.5,123.5,67.4541524007829,0.0,0.0,0.0,0.0,0.0,True,8,4,0.75,0.08845586332031247,0.5,0.34829999999999994
29,i020+i035+i032+i049,4,False,2.0,1.0,0.5833333333333333,1.0,0.36875,0.25,1.7011494252873565,2.3529411764705883,0.0,0.0,0.0,0.0,0.0,0.0,0.25,0.0,224.0,66.25222024866822,0.0,0.0,0.0,0.0,0.0,True,10,4,0.6,0.10723037922355837,0.75,0.11484953613281253
30,i020+i035+i032+i049,4,True,2.0,1.0,0.5833333333333333,1.0,0.33333333333333326,0.425,1.7424242424242427,2.0,0.0,0.0,0.0,0.0,0.0,0.0,0.25,0.0,294.0,70.83978533800959,0.0,0.0,0.0,0.0,0.0,True,9,4,0.5555555555555556,0.14484580602550412,0.75,0.22505187988281253
