combo,trigger,confirm,filter,htf,n_signals,n_long,n_short,precision_long,precision_short,random_precision_long,random_precision_short,lift_long,lift_short,recall_fast_up,recall_fast_down,recall_fast,recall_slow,false_in_flat_share,false_in_pullback_share,false_counter_wave_share,false_late_share,latency_min_median,travelled_pct_median,lift_long_worst,lift_short_worst,n_signals_worst,precision_mean,enough_signals,precision_ok,eligible
i034>i020|-,i034,i020,,False,4783.0,2450.0,2341.0,0.5305374592833876,0.5288338316958565,0.42117263843648206,0.38413071337035454,1.2698713096139287,1.4055045871559635,0.40578512396694216,0.41722408026755853,0.4114713216957606,0.8888888888888888,0.3591967138293017,0.13144682793245094,0.2227293473299863,0.2866271109082611,105.0,42.181983629500465,1.2372460704108832,1.3203815728245696,4620,0.529685645489622,True,True,True
i034>i024|-,i034,i024,,False,4464.0,2266.0,2198.0,0.5322723253757736,0.5309372156505915,0.42048969072164954,0.3837283500455788,1.2757615361415502,1.4355287569573283,0.3586776859504132,0.3879598662207358,0.37323358270989193,0.9069767441860465,0.3469879518072289,0.14457831325301204,0.22265060240963855,0.2857831325301205,120.0,42.815055036152025,1.2350814638736194,1.275998780115889,4310,0.5316047705131826,True,True,True
i024>i020|-,i024,i020,,False,3651.0,1903.0,1790.0,0.535995796111403,0.524390243902439,0.42391540130151845,0.383268156424581,1.2979879395784824,1.3710792518739539,0.36446280991735536,0.3737458193979933,0.3690773067331671,0.9126984126984127,0.3152622274602239,0.08352534562211981,0.23983500294637597,0.34590453741897464,120.0,44.604316546762476,1.2293718817960853,1.31248129302604,3600,0.530193020006921,True,True,True
i034>i061|-,i034,i061,,False,4269.0,2131.0,2152.0,0.5395454545454546,0.5303529411764706,0.42235376044568246,0.38445631970260224,1.257488320967299,1.400274563639929,0.3512396694214876,0.3779264214046823,0.3645054031587697,0.8650793650793651,0.3532388663967611,0.14119433198380565,0.21761133603238866,0.28795546558704455,105.0,41.84971603717608,1.2174887892376682,1.3045698238447792,4091,0.5349491978609626,True,True,True
i034>i027|-,i034,i027,,False,4099.0,2208.0,1826.0,0.5395713107996702,0.5673603504928806,0.41931368235811706,0.3836402266288952,1.321991848307638,1.4548518466507512,0.3586776859504132,0.342809364548495,0.3507896924355777,0.4883720930232558,0.29360780065005415,0.14138678223185266,0.24756229685807152,0.3174431202600217,120.0,48.71489361702128,1.2768859511069142,1.3638975799757358,3525,0.5534658306462754,True,True,True
i027>i020|-,i027,i020,,False,1605.0,753.0,852.0,0.5319148936170213,0.5328638497652582,0.42450199203187244,0.3842897460018815,1.276396058188644,1.4026927784577723,0.32727272727272727,0.3637123745819398,0.34538653366583544,0.5581395348837209,0.11036339165545088,0.06460296096904442,0.4117647058823529,0.366412213740458,75.0,43.33184124142034,1.1748939021666296,1.2696616498811812,822,0.5323893716911398,True,True,True
i061>i020|-,i061,i020,,False,3046.0,1463.0,1583.0,0.5297334244702666,0.5344938749194068,0.42026188835286005,0.38353770692826483,1.2417947331840298,1.3374146456322114,0.3322314049586777,0.3536789297658863,0.3428927680798005,0.8253968253968254,0.29964912280701755,0.10923185341789993,0.23578947368421052,0.34456140350877196,90.0,43.57220210842191,1.2038958965352067,1.309359151682803,2954,0.5321136496948367,True,True,True
i034>i024+i020|-,i034,i024+i020,,False,3785.0,1904.0,1881.0,0.5270413573700954,0.5298804780876494,0.4204522096608428,0.3833961248654467,1.2865962955586534,1.4278959810874703,0.32644628099173556,0.35618729096989965,0.3412302576891106,0.8809523809523809,0.3378762067007382,0.1368540601930721,0.23055082339579785,0.29471890971039183,135.0,43.442834971546915,1.228894691035683,1.2960942614008293,3622,0.5284609177288724,True,True,True
i034>i061+i020|-,i034,i061+i020,,False,3609.0,1798.0,1814.0,0.5369198312236287,0.5231532524807057,0.4209782608695652,0.3858641634456102,1.2677510973405628,1.39963167587477,0.3305785123966942,0.34531772575250835,0.33790523690773067,0.8095238095238095,0.335693215339233,0.13451327433628318,0.22890855457227138,0.3008849557522124,120.0,42.57245054383527,1.2241663915483658,1.3098688750862664,3502,0.5300365418521672,True,True,True
i024>i034|-,i024,i034,,False,3273.0,1677.0,1591.0,0.5499134448932487,0.5280199252801993,0.4257756563245823,0.3872680742162508,1.3014763014763016,1.3978021978021977,0.3322314049586777,0.3419732441471572,0.33707398171238573,0.8571428571428571,0.31687791861240827,0.07485226526592252,0.2341561040693796,0.3602401601067378,135.0,45.91785124707491,1.2415919282511212,1.32427578667916,3239,0.538966685086724,True,True,True
i034>i027+i020|-,i034,i027+i020,,False,3464.0,1800.0,1579.0,0.5380952380952381,0.5670498084291188,0.42563492063492064,0.3851057906458797,1.2944480965756289,1.4439274827530884,0.33553719008264465,0.32274247491638797,0.32917705735660846,0.47674418604651164,0.27384020618556704,0.13402061855670103,0.25966494845360827,0.3324742268041237,135.0,49.574468085106666,1.264217788551184,1.3521680012086417,2956,0.5525725232621784,True,True,True
i024>i061|-,i024,i061,,False,3134.0,1553.0,1589.0,0.5374449339207048,0.5164348925410872,0.4225692208628461,0.38432311621966797,1.2871806398441596,1.372123317412071,0.31157024793388427,0.3377926421404682,0.32460515378221116,0.8015873015873016,0.30774410774410776,0.08417508417508418,0.2430976430976431,0.3447811447811448,120.0,43.57220210842191,1.2266666666666666,1.290577363557381,3097,0.5269399132308961,True,True,True
i024>i034+i020|-,i024,i034+i020,,False,3097.0,1588.0,1509.0,0.5474406991260924,0.5319289005924951,0.42042566709021606,0.3844267726971504,1.3097125525608326,1.3927625772285965,0.32066115702479336,0.32357859531772576,0.32211138819617624,0.8253968253968254,0.30950679056468905,0.07192737430167598,0.24017155110793423,0.3645461043602573,150.0,46.42864210592628,1.252738949754439,1.3252419222568474,3017,0.5396847998592937,True,True,True
i024>i027|-,i024,i027,,False,2939.0,1592.0,1340.0,0.5508524397413286,0.5417910447761194,0.4209818636647905,0.3849967384213959,1.3458776213731687,1.4249406980684516,0.32975206611570246,0.31270903010033446,0.32128013300083125,0.44642857142857145,0.24560117302052786,0.07343857240905971,0.2651098901098901,0.3980938416422287,135.0,49.85919587708905,1.2612344945405927,1.301600328272466,2472,0.546321742258724,True,True,True
i034>i061+i024|-,i034,i061+i024,,False,3528.0,1758.0,1783.0,0.543757292882147,0.5299435028248588,0.4246575342465754,0.38794167134043744,1.265660956277167,1.4076983503534957,0.29338842975206614,0.33361204013377926,0.31338320864505403,0.8015873015873016,0.32815301852958756,0.14644351464435146,0.22713687985654513,0.29826658696951586,120.0,42.76236889484773,1.233548387096774,1.3060848186846958,3363,0.5368503978535029,True,True,True
i034>i018|-,i034,i018,,False,3689.0,1913.0,1776.0,0.5383411580594679,0.5601139601139601,0.4212908409212641,0.38382590005373457,1.2806539509536785,1.425670775924583,0.2975206611570248,0.32274247491638797,0.3100581878636742,0.7063492063492064,0.32563791008505466,0.14580801944106925,0.23025516403402188,0.2982989064398542,120.0,45.654539676346346,1.2624753671095286,1.3580055744812634,3591,0.549227559086714,True,True,True
i024>i027+i020|-,i024,i027+i020,,False,2724.0,1484.0,1230.0,0.54375,0.5422764227642276,0.41977911646586347,0.38325225851285616,1.3395950419585803,1.4283770915521696,0.31983471074380165,0.2959866220735786,0.30798004987531175,0.44642857142857145,0.23520126282557222,0.07158671586715867,0.2679738562091503,0.40252565114443567,135.0,50.47093460225367,1.25966674639241,1.3199785369343588,2252,0.5430132113821138,True,True,True
i024>i061+i020|-,i024,i061+i020,,False,2878.0,1446.0,1457.0,0.5360824742268041,0.5173824130879345,0.42704011065006925,0.3874742621825669,1.2760231140663343,1.3685015290519877,0.3,0.31521739130434784,0.30756442227763925,0.7857142857142857,0.2983751846381093,0.08345428156748912,0.24847560975609756,0.35081240768094535,120.0,45.4471808165915,1.2161943319838056,1.2964386369459389,2863,0.5267324436573693,True,True,True
i034>i059|-,i034,i059,,False,3608.0,1752.0,1797.0,0.541095890410959,0.5495594713656388,0.42105686695278977,0.38596443965517235,1.3183352080989872,1.441246483445142,0.2809917355371901,0.32608695652173914,0.3034081463009144,0.7321428571428571,0.34935304990757854,0.14664202094886014,0.21934688847812692,0.2846580406654344,135.0,43.837321897910655,1.2690322991654455,1.3586367157242447,3464,0.5453276808882989,True,True,True
i027>i061|-,i027,i061,,False,1403.0,613.0,790.0,0.5483870967741935,0.5326633165829145,0.4262422360248447,0.39125654450261776,1.3028271640921014,1.4023819082028637,0.2743801652892562,0.3319397993311037,0.3029925187032419,0.5178571428571429,0.09767441860465116,0.06511627906976744,0.4161640530759952,0.3870967741935484,75.0,43.6965706784806,1.2240376626973137,1.3256835937500002,720,0.540525206678554,True,True,True
i027>i034|-,i027,i034,,False,1350.0,614.0,736.0,0.542713567839196,0.5488721804511278,0.4243506493506494,0.3851690294438385,1.3616537075668502,1.4637599093997737,0.26886145404663925,0.31354515050167225,0.300498753117207,0.5581395348837209,0.1174496644295302,0.0661764705882353,0.405440414507772,0.3859060402684564,75.0,43.54963053470657,1.263157894736842,1.2972001027485227,707,0.5457928741451619,True,True,True
i034>i027+i024|-,i034,i027+i024,,False,3377.0,1745.0,1544.0,0.5387045813586098,0.5704334365325078,0.4198313384113167,0.3855735805330244,1.309620048504446,1.4606741573033708,0.2958677685950413,0.30351170568561875,0.29966749792186204,0.45348837209302323,0.2778497409326425,0.14507772020725387,0.2545336787564767,0.3225388601036269,165.0,49.97267759562837,1.2363117993909154,1.3552079359023277,2904,0.5545690089455588,True,True,True
i034>i031|-,i034,i031,,False,3484.0,1848.0,1669.0,0.5443722943722944,0.5476333133612942,0.426475321888412,0.387871982032566,1.2883043014575182,1.4305882352941177,0.2818181818181818,0.3068561872909699,0.2942643391521197,0.7063492063492064,0.33375474083438683,0.15233881163084703,0.22376738305941846,0.29013906447534765,120.0,44.58705509040096,1.2453613434807222,1.367444643925793,3437,0.5460028038667943,True,True,True
i024>i027+i034|-,i024,i027+i034,,False,2586.0,1393.0,1174.0,0.5579661016949152,0.5434412265758092,0.41653682719546736,0.3812041116005874,1.3626373626373627,1.439306358381503,0.29669421487603304,0.2834448160535117,0.29010806317539484,0.44642857142857145,0.24328859060402686,0.07311129163281885,0.2611464968152866,0.40436241610738255,165.0,50.47047875090516,1.2853863810252488,1.3603191592877302,2132,0.5507036641353622,True,True,True
i024>i061+i034|-,i024,i061+i034,,False,2653.0,1321.0,1333.0,0.553834808259587,0.5178041543026706,0.42372944693572495,0.38704954954954957,1.2978741716154576,1.3878562577447333,0.2768595041322314,0.30183946488294316,0.2892768079800499,0.7777777777777778,0.29927594529364443,0.07371794871794872,0.24482758620689654,0.36283185840707965,135.0,46.29370562683041,1.23467677925743,1.2828524168351403,2630,0.5358194812811288,True,True,True
i061>i027|-,i061,i027,,False,2263.0,1147.0,1097.0,0.5514469453376206,0.5504587155963303,0.42071183533447687,0.383387358184765,1.351990540007883,1.4407056517477947,0.2900826446280992,0.28762541806020064,0.2888611803823774,0.48412698412698413,0.22488038277511962,0.07706766917293233,0.2826086956521739,0.40574162679425835,135.0,50.457410374273934,1.2577718886963611,1.372712146422629,1816,0.5509528304669755,True,True,True
i061>i024|-,i061,i024,,False,2454.0,1183.0,1269.0,0.5340811044003452,0.5334909377462569,0.423483606557377,0.3853214562354764,1.2724464182274573,1.3683646112600536,0.271900826446281,0.30434782608695654,0.2880299251870324,0.7777777777777778,0.31101694915254235,0.0892226148409894,0.23559322033898306,0.3610169491525424,135.0,45.64646213774982,1.2151067323481113,1.2986728090380606,2428,0.533786021073301,True,True,True
i027>i024|-,i027,i024,,False,1371.0,614.0,757.0,0.5392535392535392,0.5245098039215687,0.4265472312703583,0.3843461030383092,1.2978490703609185,1.410753880266075,0.2619834710743802,0.31354515050167225,0.2876142975893599,0.5714285714285714,0.10664605873261206,0.06256860592755215,0.3997412677878396,0.4,90.0,43.209485421345605,1.2442660550458717,1.272772033481044,719,0.531881671587554,True,True,True
i034>i027+i061|-,i034,i027+i061,,False,3046.0,1538.0,1456.0,0.5498839907192575,0.5666208791208791,0.42584469472436287,0.3857319332921556,1.3167907361455744,1.4252396994039904,0.28677685950413223,0.28511705685618727,0.28595178719867,0.4883720930232558,0.2711864406779661,0.1461864406779661,0.2556497175141243,0.3269774011299435,135.0,48.86789067274046,1.255567928730512,1.3431356352222041,2698,0.5582524349200684,True,True,True
i020>i027|-,i020,i027,,False,1780.0,1025.0,791.0,0.5084889643463497,0.5322376738305942,0.4210819009100102,0.38136456211812625,1.2515670706226494,1.351307976247793,0.29338842975206614,0.270066889632107,0.2817955112219451,0.3392857142857143,0.26187717265353416,0.07302231237322515,0.3742757821552723,0.2827346465816918,90.0,47.333772218564775,1.1910193300516265,1.2552301255230127,1643,0.520363319088472,True,True,True
