fold,month,combo,htf
0,2025-05,i034>i099|-,False
0,2025-05,i034>i024|-,False
0,2025-05,i034>i024+i099|-,False
0,2025-05,i024>i099|-,False
0,2025-05,i034>i061|-,False
0,2025-05,i034>i061+i099|-,False
0,2025-05,i034>i027|-,False
0,2025-05,i034>i027+i099|-,False
0,2025-05,i024>i034|-,False
0,2025-05,i024>i034+i099|-,False
0,2025-05,i024>i027|-,False
0,2025-05,i027>i099|-,False
0,2025-05,i024>i061|-,False
0,2025-05,i024>i027+i099|-,False
0,2025-05,i034>i061+i024|-,False
0,2025-05,i034>i059|-,False
0,2025-05,i034>i031|-,False
0,2025-05,i034>i027+i024|-,False
0,2025-05,i027>i034|-,False
0,2025-05,i034>i099+i031|-,False
0,2025-05,i034>i059+i099|-,False
0,2025-05,i034>i018|-,False
0,2025-05,i061>i027|-,False
0,2025-05,i061>i099|-,False
0,2025-05,i027>i061|-,False
0,2025-05,i024>i061+i099|-,False
0,2025-05,i034>i099+i018|-,False
0,2025-05,i024>i027+i034|-,False
0,2025-05,i027>i024|-,False
0,2025-05,i099>i034|-,False
1,2025-06,i034>i101|-,False
1,2025-06,i034>i020|-,False
1,2025-06,i034>i101+i020|-,False
1,2025-06,i034>i024|-,False
1,2025-06,i034>i024+i101|-,False
1,2025-06,i024>i020|-,False
1,2025-06,i024>i101|-,False
1,2025-06,i034>i061|-,False
1,2025-06,i027>i020|-,False
1,2025-06,i034>i027|-,False
1,2025-06,i034>i061+i101|-,False
1,2025-06,i024>i101+i020|-,False
1,2025-06,i034>i024+i020|-,False
1,2025-06,i034>i027+i101|-,False
1,2025-06,i034>i061+i020|-,False
1,2025-06,i061>i020|-,False
1,2025-06,i034>i027+i020|-,False
1,2025-06,i027>i101|-,False
1,2025-06,i024>i034|-,False
1,2025-06,i024>i027|-,False
1,2025-06,i024>i034+i101|-,False
1,2025-06,i024>i034+i020|-,False
1,2025-06,i024>i027+i020|-,False
1,2025-06,i024>i027+i101|-,False
1,2025-06,i024>i061|-,False
1,2025-06,i034>i059|-,False
1,2025-06,i034>i061+i024|-,False
1,2025-06,i034>i018|-,False
1,2025-06,i034>i031|-,False
1,2025-06,i034>i059+i101|-,False
2,2025-07,i052>i001|-,False
2,2025-07,i001>i052|-,False
2,2025-07,i034>i052|-,False
2,2025-07,i034>i001|-,False
2,2025-07,i034>i052+i001|-,False
2,2025-07,i034>i101|-,False
2,2025-07,i034>i101+i052|-,False
2,2025-07,i034>i101+i001|-,False
2,2025-07,i027>i001|-,False
2,2025-07,i027>i052|-,False
2,2025-07,i024>i001|-,False
2,2025-07,i024>i052|-,False
2,2025-07,i024>i052+i001|-,False
2,2025-07,i027>i052+i001|-,False
2,2025-07,i034>i024|-,False
2,2025-07,i034>i024+i052|-,False
2,2025-07,i034>i024+i001|-,False
2,2025-07,i034>i024+i101|-,False
2,2025-07,i024>i101+i001|-,False
2,2025-07,i024>i101|-,False
2,2025-07,i024>i101+i052|-,False
2,2025-07,i061>i001|-,False
2,2025-07,i034>i061+i052|-,False
2,2025-07,i034>i061|-,False
2,2025-07,i034>i061+i001|-,False
2,2025-07,i034>i027|-,False
2,2025-07,i034>i027+i052|-,False
2,2025-07,i034>i061+i101|-,False
2,2025-07,i034>i027+i001|-,False
2,2025-07,i061>i052|-,False
3,2025-08,i034>i052|-,False
3,2025-08,i034>i099|-,False
3,2025-08,i034>i052+i099|-,False
3,2025-08,i027>i052|-,False
3,2025-08,i024>i052|-,False
3,2025-08,i034>i024|-,False
3,2025-08,i034>i024+i052|-,False
3,2025-08,i034>i024+i099|-,False
3,2025-08,i024>i099|-,False
3,2025-08,i024>i052+i099|-,False
3,2025-08,i034>i061+i052|-,False
3,2025-08,i034>i061|-,False
3,2025-08,i034>i027+i052|-,False
3,2025-08,i034>i027|-,False
3,2025-08,i034>i061+i099|-,False
3,2025-08,i061>i052|-,False
3,2025-08,i034>i027+i099|-,False
3,2025-08,i024>i034|-,False
3,2025-08,i024>i034+i099|-,False
3,2025-08,i024>i034+i052|-,False
3,2025-08,i024>i027|-,False
3,2025-08,i024>i027+i052|-,False
3,2025-08,i027>i099|-,False
3,2025-08,i024>i061|-,False
3,2025-08,i024>i061+i052|-,False
3,2025-08,i024>i027+i099|-,False
3,2025-08,i034>i061+i024|-,False
3,2025-08,i027>i052+i099|-,False
3,2025-08,i034>i018|-,False
3,2025-08,i034>i052+i018|-,False
4,2025-09,i034>i101|-,False
4,2025-09,i034>i020|-,False
4,2025-09,i034>i101+i020|-,False
4,2025-09,i024>i020|-,False
4,2025-09,i034>i024|-,False
4,2025-09,i034>i024+i101|-,False
4,2025-09,i024>i101|-,False
4,2025-09,i034>i061|-,False
4,2025-09,i024>i101+i020|-,False
4,2025-09,i034>i061+i101|-,False
4,2025-09,i034>i027|-,False
4,2025-09,i027>i020|-,False
4,2025-09,i034>i024+i020|-,False
4,2025-09,i061>i020|-,False
4,2025-09,i034>i027+i101|-,False
4,2025-09,i034>i061+i020|-,False
4,2025-09,i024>i034|-,False
4,2025-09,i024>i034+i101|-,False
4,2025-09,i034>i027+i020|-,False
4,2025-09,i027>i101|-,False
4,2025-09,i024>i034+i020|-,False
4,2025-09,i024>i027|-,False
4,2025-09,i024>i061|-,False
4,2025-09,i024>i027+i020|-,False
4,2025-09,i034>i061+i024|-,False
4,2025-09,i024>i061+i020|-,False
4,2025-09,i024>i027+i101|-,False
4,2025-09,i034>i018|-,False
4,2025-09,i024>i061+i101|-,False
4,2025-09,i034>i101+i018|-,False
5,2025-10,i034>i101|-,False
5,2025-10,i034>i020|-,False
5,2025-10,i034>i020+i101|-,False
5,2025-10,i024>i020|-,False
5,2025-10,i034>i024|-,False
5,2025-10,i034>i024+i101|-,False
5,2025-10,i024>i101|-,False
5,2025-10,i034>i061|-,False
5,2025-10,i034>i061+i101|-,False
5,2025-10,i024>i020+i101|-,False
5,2025-10,i101>i020|-,False
5,2025-10,i034>i027|-,False
5,2025-10,i027>i020|-,False
5,2025-10,i034>i024+i020|-,False
5,2025-10,i061>i020|-,False
5,2025-10,i034>i027+i101|-,False
5,2025-10,i034>i061+i020|-,False
5,2025-10,i024>i034|-,False
5,2025-10,i024>i034+i101|-,False
5,2025-10,i034>i027+i020|-,False
5,2025-10,i027>i101|-,False
5,2025-10,i024>i034+i020|-,False
5,2025-10,i024>i061|-,False
5,2025-10,i024>i027|-,False
5,2025-10,i024>i027+i020|-,False
5,2025-10,i034>i024+i061|-,False
5,2025-10,i024>i061+i020|-,False
5,2025-10,i024>i027+i101|-,False
5,2025-10,i034>i018|-,False
5,2025-10,i024>i061+i101|-,False
6,2025-11,i034>i101|-,False
6,2025-11,i034>i024|-,False
6,2025-11,i034>i024+i101|-,False
6,2025-11,i024>i101|-,False
6,2025-11,i034>i061|-,False
6,2025-11,i034>i061+i101|-,False
6,2025-11,i034>i027|-,False
6,2025-11,i034>i027+i101|-,False
6,2025-11,i024>i034|-,False
6,2025-11,i024>i034+i101|-,False
6,2025-11,i027>i101|-,False
6,2025-11,i024>i061|-,False
6,2025-11,i024>i027|-,False
6,2025-11,i034>i024+i061|-,False
6,2025-11,i034>i018|-,False
6,2025-11,i024>i027+i101|-,False
6,2025-11,i024>i061+i101|-,False
6,2025-11,i034>i101+i018|-,False
6,2025-11,i061>i101|-,False
6,2025-11,i034>i059|-,False
6,2025-11,i034>i027+i024|-,False
6,2025-11,i027>i061|-,False
6,2025-11,i034>i059+i101|-,False
6,2025-11,i027>i034|-,False
6,2025-11,i034>i031|-,False
6,2025-11,i024>i027+i034|-,False
6,2025-11,i034>i031+i101|-,False
6,2025-11,i061>i027|-,False
6,2025-11,i024>i034+i061|-,False
6,2025-11,i061>i024|-,False
7,2025-12,i034>i020|-,False
7,2025-12,i034>i024|-,False
7,2025-12,i024>i020|-,False
7,2025-12,i034>i061|-,False
7,2025-12,i034>i027|-,False
7,2025-12,i027>i020|-,False
7,2025-12,i061>i020|-,False
7,2025-12,i034>i024+i020|-,False
7,2025-12,i034>i061+i020|-,False
7,2025-12,i024>i034|-,False
7,2025-12,i034>i027+i020|-,False
7,2025-12,i024>i061|-,False
7,2025-12,i024>i034+i020|-,False
7,2025-12,i024>i027|-,False
7,2025-12,i034>i061+i024|-,False
7,2025-12,i034>i018|-,False
7,2025-12,i024>i027+i020|-,False
7,2025-12,i024>i061+i020|-,False
7,2025-12,i034>i059|-,False
7,2025-12,i027>i061|-,False
7,2025-12,i027>i034|-,False
7,2025-12,i034>i027+i024|-,False
7,2025-12,i034>i031|-,False
7,2025-12,i024>i027+i034|-,False
7,2025-12,i024>i061+i034|-,False
7,2025-12,i061>i027|-,False
7,2025-12,i061>i024|-,False
7,2025-12,i027>i024|-,False
7,2025-12,i034>i027+i061|-,False
7,2025-12,i020>i027|-,False
8,2026-01,i034>i101|-,False
8,2026-01,i034>i020|-,False
8,2026-01,i034>i020+i101|-,False
8,2026-01,i034>i024|-,False
8,2026-01,i024>i020|-,False
8,2026-01,i034>i024+i101|-,False
8,2026-01,i024>i101|-,False
8,2026-01,i034>i061|-,False
8,2026-01,i034>i061+i101|-,False
8,2026-01,i034>i027|-,False
8,2026-01,i024>i020+i101|-,False
8,2026-01,i034>i027+i101|-,False
8,2026-01,i034>i024+i020|-,False
8,2026-01,i027>i020|-,False
8,2026-01,i061>i020|-,False
8,2026-01,i024>i034|-,False
8,2026-01,i034>i061+i020|-,False
8,2026-01,i024>i034+i101|-,False
8,2026-01,i027>i101|-,False
8,2026-01,i034>i027+i020|-,False
8,2026-01,i024>i061|-,False
8,2026-01,i024>i034+i020|-,False
8,2026-01,i024>i027|-,False
8,2026-01,i034>i024+i061|-,False
8,2026-01,i034>i018|-,False
8,2026-01,i024>i061+i020|-,False
8,2026-01,i024>i061+i101|-,False
8,2026-01,i024>i027+i020|-,False
8,2026-01,i024>i027+i101|-,False
8,2026-01,i034>i018+i101|-,False
9,2026-02,i034>i101|-,False
9,2026-02,i034>i020|-,False
9,2026-02,i034>i020+i101|-,False
9,2026-02,i034>i024|-,False
9,2026-02,i034>i024+i101|-,False
9,2026-02,i024>i020|-,False
9,2026-02,i034>i061|-,False
9,2026-02,i024>i101|-,False
9,2026-02,i034>i061+i101|-,False
9,2026-02,i034>i027|-,False
9,2026-02,i024>i020+i101|-,False
9,2026-02,i034>i024+i020|-,False
9,2026-02,i034>i027+i101|-,False
9,2026-02,i027>i020|-,False
9,2026-02,i061>i020|-,False
9,2026-02,i034>i061+i020|-,False
9,2026-02,i024>i034|-,False
9,2026-02,i024>i034+i101|-,False
9,2026-02,i027>i101|-,False
9,2026-02,i034>i027+i020|-,False
9,2026-02,i024>i061|-,False
9,2026-02,i024>i034+i020|-,False
9,2026-02,i024>i027|-,False
9,2026-02,i034>i024+i061|-,False
9,2026-02,i034>i018|-,False
9,2026-02,i024>i061+i020|-,False
9,2026-02,i024>i061+i101|-,False
9,2026-02,i024>i027+i020|-,False
9,2026-02,i034>i018+i101|-,False
9,2026-02,i024>i027+i101|-,False
10,2026-03,i034>i101|-,False
10,2026-03,i034>i020|-,False
10,2026-03,i034>i020+i101|-,False
10,2026-03,i034>i024|-,False
10,2026-03,i034>i024+i101|-,False
10,2026-03,i034>i061|-,False
10,2026-03,i024>i020|-,False
10,2026-03,i024>i101|-,False
10,2026-03,i034>i061+i101|-,False
10,2026-03,i034>i027|-,False
10,2026-03,i034>i024+i020|-,False
10,2026-03,i024>i020+i101|-,False
10,2026-03,i034>i027+i101|-,False
10,2026-03,i061>i020|-,False
10,2026-03,i034>i061+i020|-,False
10,2026-03,i027>i020|-,False
10,2026-03,i027>i101|-,False
10,2026-03,i024>i034|-,False
10,2026-03,i024>i034+i101|-,False
10,2026-03,i034>i027+i020|-,False
10,2026-03,i024>i061|-,False
10,2026-03,i024>i034+i020|-,False
10,2026-03,i024>i027|-,False
10,2026-03,i034>i061+i024|-,False
10,2026-03,i034>i018|-,False
10,2026-03,i034>i018+i101|-,False
10,2026-03,i024>i061+i020|-,False
10,2026-03,i024>i027+i020|-,False
10,2026-03,i034>i059|-,False
10,2026-03,i061>i101|-,False
11,2026-04,i034>i020|-,False
11,2026-04,i034>i024|-,False
11,2026-04,i034>i061|-,False
11,2026-04,i024>i020|-,False
11,2026-04,i034>i027|-,False
11,2026-04,i034>i024+i020|-,False
11,2026-04,i061>i020|-,False
11,2026-04,i034>i061+i020|-,False
11,2026-04,i027>i020|-,False
11,2026-04,i024>i034|-,False
11,2026-04,i034>i027+i020|-,False
11,2026-04,i024>i061|-,False
11,2026-04,i024>i027|-,False
11,2026-04,i024>i034+i020|-,False
11,2026-04,i034>i024+i061|-,False
11,2026-04,i034>i018|-,False
11,2026-04,i024>i027+i020|-,False
11,2026-04,i024>i061+i020|-,False
11,2026-04,i034>i059|-,False
11,2026-04,i027>i061|-,False
11,2026-04,i034>i027+i024|-,False
11,2026-04,i027>i034|-,False
11,2026-04,i034>i031|-,False
11,2026-04,i027>i024|-,False
11,2026-04,i061>i027|-,False
11,2026-04,i061>i024|-,False
11,2026-04,i034>i027+i061|-,False
11,2026-04,i024>i027+i034|-,False
11,2026-04,i024>i034+i061|-,False
11,2026-04,i061>i027+i020|-,False
12,2026-05,i034>i020|-,False
12,2026-05,i034>i024|-,False
12,2026-05,i034>i061|-,False
12,2026-05,i024>i020|-,False
12,2026-05,i034>i027|-,False
12,2026-05,i034>i024+i020|-,False
12,2026-05,i034>i061+i020|-,False
12,2026-05,i061>i020|-,False
12,2026-05,i027>i020|-,False
12,2026-05,i024>i034|-,False
12,2026-05,i034>i027+i020|-,False
12,2026-05,i024>i061|-,False
12,2026-05,i024>i034+i020|-,False
12,2026-05,i034>i024+i061|-,False
12,2026-05,i024>i027|-,False
12,2026-05,i034>i018|-,False
12,2026-05,i024>i027+i020|-,False
12,2026-05,i024>i061+i020|-,False
12,2026-05,i034>i059|-,False
12,2026-05,i027>i061|-,False
12,2026-05,i034>i027+i024|-,False
12,2026-05,i027>i034|-,False
12,2026-05,i034>i031|-,False
12,2026-05,i061>i024|-,False
12,2026-05,i027>i024|-,False
12,2026-05,i024>i034+i061|-,False
12,2026-05,i061>i027|-,False
12,2026-05,i034>i027+i061|-,False
12,2026-05,i024>i027+i034|-,False
12,2026-05,i034>i024+i059|-,False
