rank_b,combo,indicators,htf,n_folds_selected,oos_days,n_trades,n_long,n_short,win_rate,gross_pct,fees_pct,slippage_pct,funding_pct,net_pct,profit_factor,max_drawdown_pct,expectancy_net_pct,expectancy_gross_pct,avg_win_pct,avg_loss_pct,avg_hold_min,tp_share,sl_share,opposite_exit_share,time_exit_share,expectancy_ci95_low_pct,expectancy_ci95_high_pct,exp_BTCUSDT,exp_ETHUSDT,exp_BNBUSDT,exp_SOLUSDT,exp_XRPUSDT,exp_regime_thấp,exp_regime_vừa,exp_regime_cao,symbols_positive,sharpe_daily,sharpe_annual,sr0_daily,dsr,sr0_daily_m1_m15,dsr_m1_m15,pbo_all_combos,n_trials_m15,n_trials_m1_m15,c1_trades_ge_100,c2_exp_and_ci_low_pos,c3_dsr_ge_095,c4_symbols_pos_ge_3,train_n_trades,train_expectancy_net_pct,loco_BTCUSDT_n_trades,loco_BTCUSDT_expectancy_pct,loco_ETHUSDT_n_trades,loco_ETHUSDT_expectancy_pct,loco_BNBUSDT_n_trades,loco_BNBUSDT_expectancy_pct,loco_SOLUSDT_n_trades,loco_SOLUSDT_expectancy_pct,loco_XRPUSDT_n_trades,loco_XRPUSDT_expectancy_pct,sens_x0.8_n_trades,sens_x0.8_expectancy_pct,sens_x1.2_n_trades,sens_x1.2_expectancy_pct,sens_sign_flip,c5_no_sign_flip,pass_all
1,i034>i099+i031|-,Chande Kroll Stop (kích hoạt) + Average Price (xác nhận) + Donchian Channels (xác nhận),False,1,31,628,347,281,0.47611464968152867,94.80319963233455,62.80854884566727,1.8151556771914439,-0.29663600000000306,29.88285910947584,1.1127471544195051,30.48808380322211,0.047584170556490196,0.1509605089686856,0.986374557486981,-0.8056022297238039,171.78980891719746,0.40605095541401276,0.4299363057324841,0.042993630573248405,0.12101910828025478,-0.04695481809525235,0.15572498823099434,-0.0019863972193033793,0.12833860741592806,0.1318524605486041,0.007801718186316685,-0.023649280180491176,-0.038292077644286486,0.12771123855782973,0.02920002588337926,3,0.16991046225668868,3.246134823488204,0.6741259989819514,0.0008342467379063492,0.7443876327254954,0.00017066735673714766,0.31095571095571095,29394,206180,True,False,False,True,9473.0,-0.06731945018681057,88.0,-0.0019863972193033793,156.0,0.12833860741592806,92.0,0.1318524605486041,153.0,0.007801718186316685,139.0,-0.023649280180491176,686.0,-0.005811168632912631,577.0,0.04981739896158868,True,False,False
2,i034>i059+i099|-,Chande Kroll Stop (kích hoạt) + Bollinger Bands (xác nhận) + Average Price (xác nhận),False,1,31,635,335,300,0.45984251968503936,88.72820151554517,63.50463757646205,1.80524399223142,-0.32904100000000264,23.089278946851692,1.0856741913696217,29.439653977553824,0.036361069207640456,0.13972945120558294,1.0020214512196262,-0.7857171568783649,169.2267716535433,0.4,0.4188976377952756,0.07559055118110236,0.10551181102362205,-0.06225374804947147,0.13982067844655338,-0.11518053614698637,0.12568746428861488,0.1046272150815277,-0.002394494339473149,0.027735237769905656,-0.02079583550804678,0.1001466186266073,0.014763881148718228,3,0.13212538116681805,2.5242518628683013,0.6741259989819514,0.0003990497660940282,0.7443876327254954,7.587924058957784e-05,0.31095571095571095,29394,206180,True,False,False,True,9634.0,-0.06705939377519962,90.0,-0.11518053614698637,0.0,,87.0,0.1046272150815277,153.0,-0.002394494339473149,139.0,0.027735237769905656,774.0,-0.008979987535474705,566.0,0.007964035531001659,True,False,False
3,i034>i099+i018|-,Chande Kroll Stop (kích hoạt) + Average Price (xác nhận) + SuperTrend (xác nhận),False,1,31,668,334,334,0.45808383233532934,77.444215909378,66.80892853162078,1.954207272077068,-0.21085900000000188,8.47022110568015,1.0289210722462472,34.07304792580599,0.012679971715090044,0.11593445495415867,0.9847840184939907,-0.8090433385455277,171.06586826347305,0.38772455089820357,0.4416167664670659,0.058383233532934134,0.1122754491017964,-0.08605436723704424,0.12346287124695429,-0.13192800740508062,0.09011800853188706,0.02147364948149585,0.03917258932084786,-0.014445364304374837,-0.02890725753341412,0.05317102887422856,0.0064433828727071775,3,0.05207163085076162,0.994827110558496,0.6741259989819514,0.000181982528169514,0.7443876327254954,3.630264210901526e-05,0.31095571095571095,29394,206180,True,False,False,True,9963.0,-0.0677399313139329,95.0,-0.13192800740508062,165.0,0.09011800853188706,99.0,0.02147364948149585,158.0,0.03917258932084786,151.0,-0.014445364304374837,758.0,-0.004365097007892186,605.0,0.007694653113203681,True,False,False
4,i027>i034|-,Zig Zag (kích hoạt) + Chande Kroll Stop (xác nhận),False,5,137,1515,734,781,0.4448844884488449,117.62558243374741,151.47658875475724,4.864704739251531,0.05856599999999921,-38.657145060261364,0.9452756863502736,65.89137452507413,-0.02551626736650915,0.0776406484711204,0.9907134169170887,-0.8399500452584769,154.96963696369636,0.3821782178217822,0.4910891089108911,0.021122112211221122,0.10561056105610561,-0.09107056925657984,0.03362447197875085,0.002200956488604441,-0.009173949580690394,-0.00789876706728363,-0.09562511406461013,0.013161940050786547,-0.05189787674572768,-0.01849650469843976,-0.012196586925816702,2,-0.06641934558706794,-1.2689398157116207,0.6741259989819514,5.4708301895107795e-18,0.7443876327254954,3.423670233545264e-21,0.31095571095571095,29394,206180,True,False,False,False,6628.0,-0.03690596052396743,293.0,-0.026859288613085876,375.0,-0.009173949580690394,291.0,-0.06749150455374711,81.0,-0.16985799033300217,62.0,0.10778639386717001,1954.0,-0.04119843500970999,1150.0,-0.05419150358908282,False,True,False
5,i027>i024|-,Zig Zag (kích hoạt) + Williams Fractal (xác nhận),False,4,107,1000,509,491,0.431,60.799278944886815,100.01436478575619,3.3919400287302324,0.07429700000000297,-42.532728869599595,0.9085031955418008,59.337395813892236,-0.04253272886959959,0.06079927894488682,0.9798655976311416,-0.8169680166056619,177.692,0.365,0.483,0.025,0.127,-0.11211284620023855,0.02536336716493994,-0.04916041774099629,-0.11369350237853677,0.08813640783975817,-0.10323163429767283,0.034005533673228165,-0.05327746228356274,-0.008616886663986367,-0.07272015799483027,2,-0.11610992907516057,-2.2182770802790097,0.6741259989819514,1.0333567648493286e-15,0.7443876327254954,2.7378952486961153e-18,0.31095571095571095,29394,206180,True,False,False,False,6648.0,-0.04993438198948018,194.0,-0.04881336710669204,372.0,-0.08190212774257853,224.0,0.045517349017505676,56.0,-0.021992277186370267,45.0,-0.029391966697288108,1301.0,-0.06681716134902158,790.0,-0.029081440399523015,False,True,False
6,i034>i027+i099|-,Chande Kroll Stop (kích hoạt) + Zig Zag (xác nhận) + Average Price (xác nhận),False,2,62,1474,800,674,0.4287652645861601,84.43393721311183,147.41465941987434,3.8406791538332623,-0.45772400000000213,-67.27912536059577,0.9043458626662646,88.70174306244948,-0.04564391137082481,0.057282182641188485,1.0064542899695992,-0.8353423237783639,166.46336499321575,0.3724559023066486,0.4925373134328358,0.026458616010854818,0.10854816824966079,-0.09848508369908707,0.012322608879321056,-0.10646557630273748,-0.016889253227918174,-0.04129452926789066,-0.05202619840798065,-0.039714330696240634,-0.057465312904534833,-0.04649799464280519,-0.03677711521915976,0,-0.1883136137015321,-3.597726538168986,0.6741259989819514,6.756684303040625e-10,0.7443876327254954,2.7827313947214764e-11,0.31095571095571095,29394,206180,True,False,False,False,11179.0,-0.0647008975321484,178.0,-0.10646557630273748,362.0,-0.016889253227918174,210.0,-0.04129452926789066,389.0,-0.05202619840798065,335.0,-0.039714330696240634,1658.0,-0.09734248027098232,1283.0,-0.03999610761567346,False,True,False
7,i001>i052|-,SMA (kích hoạt) + Williams %R (xác nhận),False,1,31,937,541,396,0.3329775880469584,53.51712356774766,93.7112322322667,2.3703427909149375,-0.3438130000000054,-42.90826445543397,0.8671197982926688,65.16454050365125,-0.045793238479652054,0.05711539334871682,0.8974394947968615,-0.5166550189312877,108.06723585912486,0.2550693703308431,0.19957310565635006,0.5261472785485592,0.0192102454642476,-0.10099905629818616,0.015530185415918642,-0.04945771196456866,-0.05977823652591629,0.0037869314299582846,-0.09225360892696309,-0.021978309366971174,-0.07378751453172322,0.0022430370441602976,-0.059659890532451396,1,-0.26687582076529553,-5.098655396655063,0.6741259989819514,5.951596888369673e-07,0.7443876327254954,8.950158213006815e-08,0.31095571095571095,29394,206180,True,False,False,False,14577.0,-0.08510117900119424,147.0,-0.04945771196456866,193.0,-0.05977823652591629,163.0,0.0037869314299582846,216.0,-0.09225360892696309,218.0,-0.021978309366971174,1082.0,-0.07559806655161304,856.0,-0.05199066056520264,False,True,False
8,i034>i024+i099|-,Chande Kroll Stop (kích hoạt) + Williams Fractal (xác nhận) + Average Price (xác nhận),False,2,62,1588,821,767,0.3992443324937028,79.50140800783447,158.8244184201732,4.1071243233631405,-0.20308899999999658,-83.6332237357019,0.8817457301236823,87.94187162668699,-0.05266575801996341,0.05006385894699904,0.9835945503240243,-0.7413335101060098,153.14231738035264,0.3419395465994962,0.39231738035264485,0.2096977329974811,0.05604534005037783,-0.11027288406817229,0.00748076879785621,-0.09811650090211811,-0.0489603577394799,-0.09281295461510644,-0.026345335007929686,-0.026492968197872606,-0.08861018131440253,-0.03301945504282617,-0.04640779467041644,0,-0.2273947448166365,-4.344370499753845,0.6741259989819514,6.212004479504237e-11,0.7443876327254954,2.0237973313766057e-12,0.31095571095571095,29394,206180,True,False,False,False,11910.0,-0.08150925282127366,223.0,-0.09811650090211811,374.0,-0.0489603577394799,260.0,-0.09281295461510644,377.0,-0.026345335007929686,354.0,-0.026492968197872606,1670.0,-0.07723156267639221,1510.0,-0.05091529103675893,False,True,False
9,i024>i101+i020|-,Williams Fractal (kích hoạt) + Median Price (xác nhận) + Parabolic SAR (xác nhận),False,2,60,1288,647,641,0.3843167701863354,61.93748638699667,128.79814185317443,3.2450604158321834,-0.05499800000000995,-70.16071388200996,0.8679934309917521,103.21284469250858,-0.05447260394565989,0.048088110548910455,0.9319866584082277,-0.6702321687188935,187.39208074534162,0.30201863354037267,0.30434782608695654,0.3090062111801242,0.08462732919254658,-0.11217990154904724,0.005175717136798043,-0.08034399782193492,-0.04923060409627544,-0.04237737534661299,-0.03848364940804489,-0.06876960868240008,-0.029014441868492558,-0.11858030965320705,-0.003270370758684964,0,-0.21537485867250397,-4.114730897409135,0.6741259989819514,7.039132617302956e-13,0.7443876327254954,1.0628467010645938e-14,0.31095571095571095,29394,206180,True,False,False,False,10999.0,-0.09130625333191933,213.0,-0.08034399782193492,278.0,-0.04923060409627544,225.0,-0.04237737534661299,314.0,-0.03848364940804489,258.0,-0.06876960868240008,1297.0,-0.04845498102184116,1254.0,-0.04210849875186935,False,True,False
10,i034>i061+i099|-,Chande Kroll Stop (kích hoạt) + Standard Error Bands (xác nhận) + Average Price (xác nhận),False,2,62,1541,779,762,0.39195327709279687,71.70158185767895,154.12203395757342,3.91259745274454,-0.2361780000000016,-86.56922755263902,0.8742882325377392,90.42659724862442,-0.05617730535537899,0.04652925493684552,0.9967937456278341,-0.7349334577501077,147.01038286826736,0.3439325113562622,0.3880597014925373,0.21674237508111616,0.05126541207008436,-0.11379011140010334,0.003051457364148235,-0.16998051541793596,0.010797725030557315,-0.12902326458197694,-0.00539123305334448,-0.05217245604980895,-0.08215446537090217,-0.04379276327124816,-0.047769967610263045,1,-0.2377646061689031,-4.542486422712627,0.6741259989819514,9.890832373390446e-11,0.7443876327254954,3.608255044129025e-12,0.31095571095571095,29394,206180,True,False,False,False,11549.0,-0.08244002385589283,228.0,-0.16998051541793596,360.0,0.010797725030557315,251.0,-0.12902326458197694,370.0,-0.00539123305334448,332.0,-0.05217245604980895,1771.0,-0.07142104993692087,1314.0,-0.05638228337784966,False,True,False
11,i034>i018+i101|-,Chande Kroll Stop (kích hoạt) + SuperTrend (xác nhận) + Median Price (xác nhận),False,3,90,2021,915,1106,0.42157347847600196,91.99620396727771,202.04732936495571,8.014188975000177,-0.7344149999999924,-118.79972937267813,0.8764210802868764,143.52359859893448,-0.05878264689395256,0.04552014050830169,0.9888815566957582,-0.8223497140098068,161.67046016823355,0.36467095497278573,0.4903513112320633,0.03612073231073726,0.10885700148441366,-0.12431479988602896,0.008507085693393023,-0.11427288902733188,-0.030239187038483602,-0.05844710383964619,-0.012094416317969672,-0.0893236483566618,0.07118501962978106,-0.039596952442960354,-0.14720352194480413,0,-0.1831594746175033,-3.499256849230753,0.6741259989819514,2.5891571805444073e-15,0.7443876327254954,1.2959948741809427e-17,0.31095571095571095,29394,206180,True,False,False,False,,,,,,,,,,,,,,,,,,False,False
12,i024>i061+i099|-,Williams Fractal (kích hoạt) + Standard Error Bands (xác nhận) + Average Price (xác nhận),False,1,31,657,324,333,0.4048706240487062,28.40158726928913,65.71117569840001,1.8724926619542102,-0.09170900000000223,-39.273790091065095,0.8699328939855878,52.28529312732723,-0.059777458281682024,0.04322920436725895,0.9875053413540416,-0.7722511787499746,158.55707762557077,0.3455098934550989,0.4124809741248097,0.1659056316590563,0.076103500761035,-0.1646669292379603,0.05442032220500156,-0.18166767686569632,0.049334258584219234,0.0512016958562495,-0.03517088365039401,-0.19401352116702492,-0.08469945541983488,-0.0965565615394552,0.02129679693136513,2,-0.19186007054174073,-3.665481500965846,0.6741259989819514,8.704405562155185e-06,0.7443876327254954,1.7061039800365053e-06,0.31095571095571095,29394,206180,True,False,False,False,,,,,,,,,,,,,,,,,,False,False
13,i034>i099|-,Chande Kroll Stop (kích hoạt) + Average Price (xác nhận),False,2,62,1940,1022,918,0.3731958762886598,77.24386501961476,194.01652681863564,4.929069173119688,-0.23121899999999734,-121.93294997214056,0.8542218515486437,127.31495320724679,-0.0628520360681137,0.03981642526784266,0.9868718512176282,-0.6878521136954798,137.27113402061855,0.3237113402061856,0.33814432989690724,0.31443298969072164,0.023711340206185566,-0.10631265781368116,-0.01561854057616624,-0.14126842051170835,-0.025558029883420125,-0.11438287624676365,-0.04124015706881479,-0.03633136474997777,-0.10399283799906163,-0.04503470784957196,-0.04661540399250747,0,-0.3217054158904289,-6.146173340691779,0.6741259989819514,1.480764639399191e-11,0.7443876327254954,5.492757095186872e-13,0.31095571095571095,29394,206180,True,False,False,False,,,,,,,,,,,,,,,,,,False,False
14,i034>i018|-,Chande Kroll Stop (kích hoạt) + SuperTrend (xác nhận),False,12,349,7487,3647,3840,0.41819153198878056,301.69316496057473,748.6254340707674,23.571195722120702,-2.524929000000014,-473.0283938323133,0.8647096446799682,489.6603720171588,-0.06317996444935399,0.040295601036539966,0.9656230148943056,-0.8026616284358089,177.7193802591158,0.3478028582876987,0.4674769600641111,0.055028716441832506,0.1296914652063577,-0.09104874261654239,-0.03376650985122531,-0.09963174014044228,-0.07202165601316937,-0.043133426570598585,-0.04047610885946766,-0.06671550310380796,-0.058143673561168285,-0.05142871464980901,-0.0795645514120751,0,-0.22942594515866524,-4.383176527800427,0.6741259989819514,2.3414397064896505e-55,0.7443876327254954,5.864260373234232e-64,0.31095571095571095,29394,206180,True,False,False,False,,,,,,,,,,,,,,,,,,False,False
15,i034>i020+i101|-,Chande Kroll Stop (kích hoạt) + Parabolic SAR (xác nhận) + Median Price (xác nhận),False,4,121,3494,1772,1722,0.37750429307384087,123.55270487910417,349.3283846111712,12.374939472991581,-0.3397899999999803,-238.4904092050586,0.8487749362753438,276.34239944223725,-0.06825712913710892,0.03536139235234807,1.0148337306270505,-0.7250832643228222,133.02346880366343,0.34058385804235836,0.3921007441327991,0.2386949055523755,0.028620492272467088,-0.11712011438823872,-0.021845391327874573,-0.07551938892959804,-0.0689003417276062,-0.0490120652211511,-0.05505993438117645,-0.09200316974248034,-0.011994457209943668,-0.08034141479775204,-0.09185013600788504,0,-0.24710782876627713,-4.72098843979924,0.6741259989819514,1.1513597850766915e-23,0.7443876327254954,4.1623271652491575e-27,0.31095571095571095,29394,206180,True,False,False,False,,,,,,,,,,,,,,,,,,False,False
16,i027>i099|-,Zig Zag (kích hoạt) + Average Price (xác nhận),False,2,62,877,406,471,0.41733181299885974,29.99326952017798,87.71340880589746,2.3691542765628313,0.13945000000000823,-59.949843562282304,0.860762496640242,62.289674636334624,-0.06835786039028768,0.03419985122027135,1.0125910346546458,-0.842579573866698,141.62941847206386,0.3671607753705815,0.5039908779931584,0.04903078677309008,0.07981755986316989,-0.12495993972907429,-0.010918009251748002,-0.07166053504737838,-0.07382217147054937,-0.06335528805943215,-0.10367925409910866,-0.024137771689320124,0.0574706795847768,-0.12699339339640117,-0.0667509510734312,0,-0.30998334618048307,-5.922223513333143,0.6741259989819514,1.0014504454873314e-13,0.7443876327254954,1.7275274705165962e-15,0.31095571095571095,29394,206180,True,False,False,False,,,,,,,,,,,,,,,,,,False,False
17,i034>i027+i024|-,Chande Kroll Stop (kích hoạt) + Zig Zag (xác nhận) + Williams Fractal (xác nhận),False,5,137,2548,1319,1229,0.42032967032967034,87.54236685185944,254.7615502616024,8.362974425928929,-0.7217220000000045,-176.30387983567186,0.8533218743121486,195.11377660409016,-0.06919304546140968,0.034357286833539814,0.9576789150014829,-0.8137968840909007,185.31397174254317,0.34301412872841447,0.4858712715855573,0.02040816326530612,0.15070643642072212,-0.1128589242413629,-0.02523452581213599,-0.04613124627893974,-0.10132198392810018,-0.04745496987645321,-0.10268259977440784,-0.03443060779193983,-0.12371243289785487,-0.008288987296514911,-0.07492763272653867,0,-0.2506590954763781,-4.788835295031366,0.6741259989819514,5.691150256245869e-22,0.7443876327254954,3.904152868213219e-25,0.31095571095571095,29394,206180,True,False,False,False,,,,,,,,,,,,,,,,,,False,False
18,i099>i034|-,Average Price (kích hoạt) + Chande Kroll Stop (xác nhận),False,1,31,439,224,215,0.35990888382687924,13.97781001164019,43.906100183466336,1.306861988120559,-0.025863000000001055,-31.2610151599467,0.8280093888260294,32.37467622528188,-0.07120960173108588,0.03184011392173164,0.9525252820704408,-0.6468327748294532,159.43052391799546,0.29157175398633256,0.3348519362186788,0.2938496583143508,0.07972665148063782,-0.15212736938079852,0.015939419050935953,-0.04445234256982912,-0.1563675188518391,-0.0660504542981791,-0.09457195800806847,0.007178205910066173,-0.028912786039618728,-0.07521069885075639,-0.13547829564038583,1,-0.2957280932928622,-5.649877289318822,0.6741259989819514,1.3076212931947865e-07,0.7443876327254954,1.673001813497127e-08,0.31095571095571095,29394,206180,True,False,False,False,,,,,,,,,,,,,,,,,,False,False
19,i034>i027|-,Chande Kroll Stop (kích hoạt) + Zig Zag (xác nhận),False,13,380,8773,4611,4162,0.41582126980508377,271.17204800209134,877.2036404727888,27.520898374784984,-2.301479999999994,-635.8539708454825,0.8485469360183532,657.8205416809031,-0.07247851029812863,0.030909842471456898,0.9765632208703353,-0.8191915318205787,171.87187963068504,0.3502792659295566,0.4903681750826399,0.029294426080018237,0.13005813290778526,-0.10002444034776087,-0.0451325888289545,-0.07612610135434932,-0.07857715047832707,-0.05437897993431695,-0.057397919714236044,-0.09488617394308935,-0.061892831980763355,-0.07267627667127691,-0.08032324269109369,0,-0.2662604316342739,-5.086898403814989,0.6741259989819514,3.438435469404288e-68,0.7443876327254954,2.0039463087069644e-78,0.31095571095571095,29394,206180,True,False,False,False,,,,,,,,,,,,,,,,,,False,False
20,i027>i101|-,Zig Zag (kích hoạt) + Median Price (xác nhận),False,7,211,3265,1480,1785,0.41408882082695253,94.95135583261482,326.44418004738964,10.944343136171705,-0.08604099999998725,-242.52320835094645,0.8499930383947683,259.29011563159025,-0.07427969627900351,0.029081579121780957,1.0164372384044553,-0.8451366203208416,129.3405819295559,0.36967840735068913,0.5160796324655437,0.04042879019908116,0.07381316998468607,-0.11847877020644691,-0.030466818983007262,-0.05050409938778924,-0.05351024990713836,-0.11067630451555065,-0.06857772504273008,-0.09017335725546412,-0.01765811929408387,-0.11227226144015282,-0.07187573370443394,0,-0.22418485881514275,-4.283045713801967,0.6741259989819514,5.502810156198426e-41,0.7443876327254954,2.5843513912254605e-47,0.31095571095571095,29394,206180,True,False,False,False,,,,,,,,,,,,,,,,,,False,False
21,i034>i031|-,Chande Kroll Stop (kích hoạt) + Donchian Channels (xác nhận),False,6,167,3200,1616,1584,0.4084375,91.63782123704746,319.97856512310017,10.122005606418448,-1.26377300000002,-239.72652249247122,0.8376225362067751,295.3985859040165,-0.07491453827889726,0.028636819136577334,0.9461567622117669,-0.7799014319615692,195.20625,0.3284375,0.449375,0.0703125,0.151875,-0.11566416077053088,-0.03179180026717462,-0.10498900048732467,-0.08146777995358082,-0.0435798224995085,-0.07393908302196388,-0.06992014740280542,-0.11550542606355539,-0.0027903235807754676,-0.09885203724829812,0,-0.2616649093972581,-4.9991010747537885,0.6741259989819514,2.404691829959933e-28,0.7443876327254954,1.8699711277868637e-32,0.31095571095571095,29394,206180,True,False,False,False,,,,,,,,,,,,,,,,,,False,False
22,i034>i027+i020|-,Chande Kroll Stop (kích hoạt) + Zig Zag (xác nhận) + Parabolic SAR (xác nhận),False,9,257,5208,2690,2518,0.4130184331797235,145.01520209222258,520.7477513396321,17.583972338431504,-1.3113699999999833,-394.6278915858411,0.8397800270697993,403.1393702431296,-0.07577340468238115,0.02784470086256194,0.9616039842877107,-0.8057043054591777,181.75633640552996,0.34101382488479265,0.4804147465437788,0.027841781874039937,0.15072964669738864,-0.11201507018227261,-0.039151124275177904,-0.08345051324051352,-0.10347766262232788,-0.03932780629826311,-0.04696861301702561,-0.10482450760244535,-0.05675525854374259,-0.09300748883766197,-0.0773385478663464,0,-0.24855887332057378,-4.748710607084144,0.6741259989819514,7.997108508758502e-46,0.7443876327254954,9.70643032421946e-53,0.31095571095571095,29394,206180,True,False,False,False,,,,,,,,,,,,,,,,,,False,False
23,i027>i020|-,Zig Zag (kích hoạt) + Parabolic SAR (xác nhận),False,9,257,3459,1705,1754,0.4125469788956346,95.19378964860246,345.89667568374693,12.178369544002294,0.3590090000000114,-262.5222465791468,0.8439541225793206,287.9200703999721,-0.07589541676182329,0.027520609901301667,0.9949670039597915,-0.8279233076918157,148.9297484822203,0.3576178086152067,0.500722752240532,0.042208730847065626,0.09945070829719573,-0.1197515191305628,-0.03601605251267485,-0.08188101787582001,-0.07673145706389674,-0.10227158210597036,-0.05298476595789711,-0.07942083701768454,-0.02707667348494563,-0.08364143802319154,-0.10013219613364852,0,-0.21164310732341796,-4.043435887990783,0.6741259989819514,4.805673213672354e-49,0.7443876327254954,8.668507060232024e-57,0.31095571095571095,29394,206180,True,False,False,False,,,,,,,,,,,,,,,,,,False,False
24,i024>i027+i034|-,Williams Fractal (kích hoạt) + Zig Zag (xác nhận) + Chande Kroll Stop (xác nhận),False,5,137,2441,1259,1182,0.41540352314625156,65.35386088202398,244.1261805947058,7.933603932431846,-0.7691210000000103,-187.47504464511366,0.8380722933179825,217.51980196510874,-0.07680255823232841,0.026773396510456356,0.9568984004736704,-0.8113314805363808,184.7648504711184,0.33756657107742727,0.4866857845145432,0.015157722244981565,0.16058992216304793,-0.12831196835717862,-0.02793488738763573,-0.06373907432142875,-0.07228406205653473,-0.08951689266842033,-0.112851598146044,-0.042519790305556894,-0.1017110082678818,-0.08440550740057884,-0.041726928939022,0,-0.24983358162771813,-4.773063875097503,0.6741259989819514,3.7383260639524987e-22,0.7443876327254954,2.3853898282140704e-25,0.31095571095571095,29394,206180,True,False,False,False,,,,,,,,,,,,,,,,,,False,False
25,i034>i027+i101|-,Chande Kroll Stop (kích hoạt) + Zig Zag (xác nhận) + Median Price (xác nhận),False,7,211,5011,2563,2448,0.4114947116344043,132.91400226217957,500.971755685814,16.153390925690015,-0.9026699999999759,-385.11381434932446,0.8420289415292678,416.71079691927355,-0.07685368476338544,0.026524446669762437,0.9955198576250561,-0.8266787930729707,162.4388345639593,0.3576132508481341,0.5020953901416882,0.028337657154260627,0.11195370185591698,-0.115538878370313,-0.039145189844296345,-0.06995709518647593,-0.09035373874881224,-0.05209207295615645,-0.04290636602300315,-0.1273727262300877,-0.034782388633066014,-0.09345375327361063,-0.08812111116070642,0,-0.26551670226318475,-5.072689474131212,0.6741259989819514,3.7725441367784614e-39,0.7443876327254954,6.605845230412686e-45,0.31095571095571095,29394,206180,True,False,False,False,,,,,,,,,,,,,,,,,,False,False
26,i024>i034+i020|-,Williams Fractal (kích hoạt) + Chande Kroll Stop (xác nhận) + Parabolic SAR (xác nhận),False,9,257,5385,2704,2681,0.3883008356545961,140.82729210845076,538.4577981796466,17.80567335734271,-0.8329319999999971,-416.26911142853874,0.8290073173923779,449.0210611025513,-0.07730159915107497,0.026151771979285192,0.9651637259877326,-0.7390487135606822,173.93481894150418,0.3223769730733519,0.387372330547818,0.20334261838440112,0.08690807799442897,-0.11029485455890285,-0.04482282178876423,-0.0999122295995517,-0.0886203670955014,-0.06375653410412889,-0.07513549447734759,-0.06051583337814268,-0.052449165478182964,-0.0810668368601989,-0.10955878254778051,0,-0.27556390374588335,-5.264640988937395,0.6741259989819514,4.1542318925511307e-50,0.7443876327254954,1.7859502443172047e-57,0.31095571095571095,29394,206180,True,False,False,False,,,,,,,,,,,,,,,,,,False,False
27,i101>i020|-,Median Price (kích hoạt) + Parabolic SAR (xác nhận),False,1,31,662,333,329,0.37462235649546827,16.019654521480074,66.20656583940423,1.518175697244744,0.20078599999999786,-51.504301015168906,0.8243519082026857,51.50430101516888,-0.07780105893530047,0.02419887389951673,0.974677696513971,-0.708271424518439,117.51208459214502,0.32326283987915405,0.3987915407854985,0.256797583081571,0.021148036253776436,-0.16208232162594,0.01581987407332249,-0.07907940698137937,-0.09302938174588264,-0.1080581366115352,-0.07508122740129282,-0.033376779722127485,-0.11935616459460674,-0.09076028355297266,-0.043586631672580804,0,-0.3075488580914329,-5.8757126836980955,0.6741259989819514,9.60143455446084e-07,0.7443876327254954,1.6764845840135247e-07,0.31095571095571095,29394,206180,True,False,False,False,,,,,,,,,,,,,,,,,,False,False
28,i034>i020|-,Chande Kroll Stop (kích hoạt) + Parabolic SAR (xác nhận),False,9,257,6918,3528,3390,0.35949696444058976,176.2522071239779,691.7338058617929,23.113194621923448,-0.7359669999999852,-539.3307603597384,0.815449894112218,546.771935525704,-0.07796050308755977,0.02547733551951112,0.9582137253801402,-0.6595369657820237,152.71552471812663,0.2995085284764383,0.32090199479618386,0.3418618097716103,0.03772766695576756,-0.10717603421981495,-0.04756793181639322,-0.09213649753701986,-0.08465639017994955,-0.04605331086558853,-0.07267743994278088,-0.09271354955124107,-0.06229168671791714,-0.0922430159097878,-0.08361244930835159,0,-0.3152120151991109,-6.022117094672591,0.6741259989819514,2.167632335409969e-52,0.7443876327254954,8.716781099280461e-60,0.31095571095571095,29394,206180,True,False,False,False,,,,,,,,,,,,,,,,,,False,False
29,i034>i052+i018|-,Chande Kroll Stop (kích hoạt) + Williams %R (xác nhận) + SuperTrend (xác nhận),False,1,31,698,341,357,0.41260744985673353,16.336473148788766,69.81579040873798,1.5544713156834273,-0.19225000000000098,-55.22603857563264,0.8371910502286425,73.44085715307527,-0.07912039910549089,0.02340468932491227,0.9860472048345889,-0.8273356916292541,165.51432664756447,0.3510028653295129,0.49283667621776506,0.05300859598853868,0.10315186246418338,-0.1480759480998155,-0.006793749978891586,-0.08782866625082383,-0.05384231652317163,-0.18383136767730868,-0.11833166190876546,0.0338375544893656,-0.07865312904213334,-0.04302618263701597,-0.12675024007164765,1,-0.3843807230184866,-7.343583402079552,0.6741259989819514,3.589007826346457e-08,0.7443876327254954,4.617471557428458e-09,0.31095571095571095,29394,206180,True,False,False,False,,,,,,,,,,,,,,,,,,False,False
30,i027>i061|-,Zig Zag (kích hoạt) + Standard Error Bands (xác nhận),False,5,137,1573,718,855,0.4113159567705022,35.82594185701247,157.27779771080193,5.070745357684414,0.11731700000000038,-126.40528421147388,0.8364679721824996,140.2240870970938,-0.08035936694944303,0.022775551085195467,0.9993265905117608,-0.8347403761043013,150.56897647806738,0.357914812460267,0.5136681500317863,0.029879211697393517,0.09853782581055308,-0.1427093121850624,-0.0197188312874042,-0.12280640009513027,-0.07976105839079314,-0.012478020846969955,-0.10842306024017702,-0.06680792902128208,-0.08431958090409081,-0.061615836192986925,-0.09298905301959372,0,-0.21540496464471054,-4.115306071200535,0.6741259989819514,1.4732661958095416e-23,0.7443876327254954,4.135866470639274e-27,0.31095571095571095,29394,206180,True,False,False,False,,,,,,,,,,,,,,,,,,False,False
31,i024>i027+i099|-,Williams Fractal (kích hoạt) + Zig Zag (xác nhận) + Average Price (xác nhận),False,2,62,1281,681,600,0.4129586260733802,28.52708831455314,128.1340163978411,3.328310985965884,-0.23813900000000227,-103.17337806925386,0.8362462731109884,133.6803229884549,-0.08054127874258693,0.02226938978497513,0.995990005930223,-0.8378352276680079,164.81030444964873,0.35753317720530836,0.5113192818110851,0.0156128024980484,0.11553473848555816,-0.1448596647489477,-0.007960656868903319,-0.13565902838912508,-0.013011753994017161,-0.09078220530493532,-0.07663381886671577,-0.12113246611674701,-0.04757024876330392,-0.17039470532943635,0.0006377918974682546,0,-0.2804761173230439,-5.358488697556672,0.6741259989819514,5.43794122901502e-10,0.7443876327254954,2.981168639452282e-11,0.31095571095571095,29394,206180,True,False,False,False,,,,,,,,,,,,,,,,,,False,False
32,i034>i061+i020|-,Chande Kroll Stop (kích hoạt) + Standard Error Bands (xác nhận) + Parabolic SAR (xác nhận),False,9,257,5666,2824,2842,0.3768090363572185,127.26526891432029,566.5303404285727,18.730402997363907,-0.9553440000000024,-458.9508185116162,0.8157608917882851,462.7639540862033,-0.0810008504256294,0.022461219363628715,0.9518079493295738,-0.7054830898697978,166.06071302506177,0.3093893399223438,0.37310271796681965,0.24108718672785034,0.07642075538298623,-0.11180473853583384,-0.049514704902864415,-0.09631937178238578,-0.08755503246121683,-0.06398496433735168,-0.05815276809692627,-0.10130597690069836,-0.0747227711391129,-0.09835897439652458,-0.07022770931047148,0,-0.3017516042005508,-5.7649563036267795,0.6741259989819514,9.986772003074226e-51,0.7443876327254954,5.563513845023056e-58,0.31095571095571095,29394,206180,True,False,False,False,,,,,,,,,,,,,,,,,,False,False
33,i034>i061+i024|-,Chande Kroll Stop (kích hoạt) + Standard Error Bands (xác nhận) + Williams Fractal (xác nhận),False,6,184,3829,1907,1922,0.38626273178375553,77.40173043779983,382.9044971085293,11.16790163338408,-0.7937160000000041,-317.4643843041136,0.8161527624364789,333.51456210983685,-0.08291052084202497,0.020214607061321447,0.9528865172321985,-0.7348015077832065,170.41394620005224,0.31653173152259073,0.39514233481326716,0.19796291459911203,0.09036301906503004,-0.12065949656802706,-0.04848356547754804,-0.11657168627160971,-0.06424447272924583,-0.09590932991458707,-0.07147630081427561,-0.07880032783825282,-0.07256758613523416,-0.08442679716786682,-0.0959813367105428,0,-0.3323018992009519,-6.34861887008381,0.6741259989819514,2.937310158961436e-36,0.7443876327254954,3.321052011326146e-41,0.31095571095571095,29394,206180,True,False,False,False,,,,,,,,,,,,,,,,,,False,False
34,i024>i034+i101|-,Williams Fractal (kích hoạt) + Chande Kroll Stop (xác nhận) + Median Price (xác nhận),False,7,211,4841,2365,2476,0.3864903945465813,97.92879247271436,484.03721231585575,15.218737586866176,-0.4686299999999935,-401.7957874300075,0.8230135527916382,439.7277336811881,-0.08299851010741738,0.0202290420311329,0.9986161081596772,-0.7643793016150718,155.79239826482132,0.33691386077256763,0.4160297459202644,0.18487915719892584,0.0621772361082421,-0.11646947804276782,-0.04687235413737031,-0.10861713796324096,-0.07281635483941241,-0.08705499871789388,-0.07245881526653992,-0.08002520504819709,-0.03614750019663545,-0.07167884438221239,-0.13423728972536267,0,-0.306113575723901,-5.848291652568505,0.6741259989819514,2.345614573171488e-43,0.7443876327254954,1.7333556654824255e-49,0.31095571095571095,29394,206180,True,False,False,False,,,,,,,,,,,,,,,,,,False,False
35,i034>i059|-,Chande Kroll Stop (kích hoạt) + Bollinger Bands (xác nhận),False,7,198,3920,1924,1996,0.40153061224489794,79.68594649237217,391.9682321462634,13.219469973671345,-1.2782680000000126,-326.7800236275626,0.8209907409487617,371.5675419483847,-0.08336225092539863,0.02032804757458474,0.9521678997093431,-0.7781297091944026,186.2688775510204,0.32551020408163267,0.4461734693877551,0.09081632653061225,0.1375,-0.12269403088653644,-0.044001530216963396,-0.11807741893318044,-0.08237185145739763,-0.07247736676458529,-0.08209988051519121,-0.06626554003104632,-0.10578663698383854,-0.025245778590436332,-0.11932260445408295,0,-0.2921584449661318,-5.5816792537940865,0.6741259989819514,1.5279028219168112e-35,0.7443876327254954,1.3553042430077882e-40,0.31095571095571095,29394,206180,True,False,False,False,,,,,,,,,,,,,,,,,,False,False
36,i024>i020|-,Williams Fractal (kích hoạt) + Parabolic SAR (xác nhận),False,9,257,6238,3122,3116,0.37271561397883934,120.52133214516377,623.7797731338976,20.512381196565425,-0.17947800000000327,-523.9503001852992,0.8098134060244508,546.4904360616678,-0.08399331519482192,0.019320508519583803,0.9595601363975741,-0.7040448804778071,159.69172811798654,0.3092337287592177,0.3590894517473549,0.2722026290477717,0.05947419044565566,-0.11518964286397207,-0.05230033028714701,-0.09226592780682069,-0.09018324191573765,-0.07636383033029424,-0.0901368174219082,-0.07032416182782994,-0.07413556781598005,-0.0785330966653465,-0.10396534951881517,0,-0.3237547979445728,-6.185326729860587,0.6741259989819514,4.317813897298654e-57,0.7443876327254954,4.193738134595304e-65,0.31095571095571095,29394,206180,True,False,False,False,,,,,,,,,,,,,,,,,,False,False
37,i034>i059+i101|-,Chande Kroll Stop (kích hoạt) + Bollinger Bands (xác nhận) + Median Price (xác nhận),False,2,60,1255,563,692,0.40239043824701193,22.73141831711446,125.45857432010399,3.6698111983330395,-0.07368999999999783,-106.47065720132254,0.8235331080656236,125.49387199596511,-0.08483717705284664,0.01811268391801949,0.9839122860485751,-0.8044618155411373,168.68525896414343,0.3426294820717131,0.4756972111553785,0.07250996015936255,0.10916334661354582,-0.1476811049361302,-0.018003418539003974,-0.10245026368690796,-0.0847160527345525,-0.079936201984798,-0.057630366224392125,-0.10322755543339737,-0.14879378397403456,-0.004461581641529411,-0.09723332799079143,0,-0.33850445355693093,-6.467118504668434,0.6741259989819514,3.2867033533352827e-12,0.7443876327254954,1.0436834091178686e-13,0.31095571095571095,29394,206180,True,False,False,False,,,,,,,,,,,,,,,,,,False,False
38,i034>i061|-,Chande Kroll Stop (kích hoạt) + Standard Error Bands (xác nhận),False,13,380,9387,4628,4759,0.3747736230957707,172.1748737515517,938.6496976620041,28.891964700629458,-1.0543360000000015,-796.4211246110818,0.8105656884276774,796.9965205271844,-0.08484298760105272,0.018341842308677074,0.9686714676088443,-0.7163413439528022,154.52380952380952,0.31586236284222863,0.38595930542239265,0.23788217747949292,0.060296154255885796,-0.10989281500897638,-0.06192500455912995,-0.1089144949502572,-0.060049369870761024,-0.09660341878064309,-0.06754879268508611,-0.10026042540521292,-0.09172982890134657,-0.07522340381265695,-0.08725394476051934,0,-0.3403876823362782,-6.50309753997939,0.6741259989819514,3.453078683866456e-76,0.7443876327254954,8.583251227133967e-87,0.31095571095571095,29394,206180,True,False,False,False,,,,,,,,,,,,,,,,,,False,False
39,i034>i101|-,Chande Kroll Stop (kích hoạt) + Median Price (xác nhận),False,8,242,7580,3827,3753,0.35686015831134565,132.5121020203183,757.8896621880018,23.56510565491569,-0.7838709999999866,-649.7265368225992,0.8052872979556605,675.3772187329281,-0.08571590195548803,0.017481807654395557,0.9933902678313699,-0.6844814792423496,133.9930079155673,0.31240105540897095,0.34736147757255936,0.316622691292876,0.023614775725593666,-0.11448774816839213,-0.05483491839376742,-0.0841886934362201,-0.06457950046163251,-0.0730470505095148,-0.08503673824698518,-0.11783585910770139,-0.06868935304666965,-0.07656531715587116,-0.1071578472745537,0,-0.3560281703501082,-6.801908643920371,0.6741259989819514,7.10856879176117e-54,0.7443876327254954,3.5502983199255105e-61,0.31095571095571095,29394,206180,True,False,False,False,,,,,,,,,,,,,,,,,,False,False
40,i024>i034|-,Williams Fractal (kích hoạt) + Chande Kroll Stop (xác nhận),False,12,349,7908,3966,3942,0.3832827516439049,136.08974094823392,790.7781252074636,24.704172599943014,-1.1000590000000008,-680.4926158591728,0.8134643017400969,695.5904137574521,-0.08605116538431624,0.017209122527596602,0.9790706289896115,-0.7480122395584755,164.90389479008599,0.32372281234193223,0.3975720789074355,0.2039706626201315,0.07473444613050076,-0.11350579803326409,-0.05993477474935498,-0.11025304013624064,-0.07402014063978153,-0.08256048565592172,-0.0845346382902236,-0.08332503209545171,-0.06978868144334814,-0.09244585543350778,-0.09809202666282593,0,-0.324688074786214,-6.2031569588845645,0.6741259989819514,9.937877299113395e-68,0.7443876327254954,2.8092694064116696e-77,0.31095571095571095,29394,206180,True,False,False,False,,,,,,,,,,,,,,,,,,False,False
41,i027>i052+i099|-,Zig Zag (kích hoạt) + Williams %R (xác nhận) + Average Price (xác nhận),False,1,31,442,196,246,0.41402714932126694,6.656281461925351,44.19898221073781,1.049982078779859,0.12518800000000707,-38.46749482759231,0.8256529514829444,42.48882215752783,-0.08703053128414551,0.015059460321098077,0.9954644436457765,-0.8518821931072177,139.7262443438914,0.3552036199095023,0.5158371040723982,0.04524886877828054,0.083710407239819,-0.15667186271284791,-0.01262417852067257,-0.06176392372264863,-0.05798640964949204,-0.18377793408877358,-0.10054654082849643,-0.05370368868751644,0.11415591235559024,-0.17910751936586206,-0.06717924537623529,0,-0.4398028415376891,-8.402421489665247,0.6741259989819514,6.109491924279636e-09,0.7443876327254954,6.979088944998487e-10,0.31095571095571095,29394,206180,True,False,False,False,,,,,,,,,,,,,,,,,,False,False
42,i034>i024|-,Chande Kroll Stop (kích hoạt) + Williams Fractal (xác nhận),False,13,380,9570,4799,4771,0.3749216300940439,146.52929698418401,956.9564414579057,29.692186107037166,-1.2362229999999912,-841.3555535807589,0.8059274420206521,841.8360357712705,-0.08791594081303646,0.015311316299287777,0.9737757276154165,-0.7247179646046259,156.86415882967606,0.31692789968652035,0.3876698014629049,0.2329153605015674,0.062486938349007315,-0.11203233542063133,-0.06293405469402359,-0.09803473962469555,-0.08055430901466026,-0.07957251375433944,-0.07856274121725758,-0.1041759527651992,-0.09115997512198719,-0.07248402596094586,-0.10002264654538136,0,-0.36043249729833265,-6.886053192118116,0.6741259989819514,4.328028773643672e-81,0.7443876327254954,3.609200202358103e-92,0.31095571095571095,29394,206180,True,False,False,False,,,,,,,,,,,,,,,,,,False,False
43,i024>i034+i099|-,Williams Fractal (kích hoạt) + Chande Kroll Stop (xác nhận) + Average Price (xác nhận),False,2,62,1466,772,694,0.3888130968622101,20.68592242086227,146.62944647308512,3.7241900205049943,-0.24560200000000107,-129.91331607272784,0.8129955496865001,138.10944633262034,-0.08861754165943235,0.01411045185597699,0.9908662567109526,-0.7753427258905924,157.39904502046386,0.33083219645293316,0.422237380627558,0.17598908594815826,0.07094133697135062,-0.14915997906537765,-0.022414898815852635,-0.15421796045347702,0.009548029725774362,-0.08952130114975733,-0.08871641500689031,-0.14489893033500748,-0.08656477042316268,-0.14131682804972495,-0.016219772773297787,1,-0.33853473297722947,-6.467696992180978,0.6741259989819514,1.6802667195445076e-10,0.7443876327254954,9.277217309090462e-12,0.31095571095571095,29394,206180,True,False,False,False,,,,,,,,,,,,,,,,,,False,False
44,i024>i052+i001|-,Williams Fractal (kích hoạt) + Williams %R (xác nhận) + SMA (xác nhận),False,1,31,869,448,421,0.3739930955120829,12.304329490076537,86.93161891600502,2.1841686042022137,-0.2226600000000023,-77.0341180301307,0.8032819413015032,107.41615136867988,-0.08864685619117456,0.014159182382136407,0.9678844830334888,-0.7198466452500267,136.49482163406213,0.31070195627157654,0.38550057537399307,0.25891829689298046,0.04487917146144994,-0.17594849737540766,-0.0003780943636504352,-0.11715929380492311,-0.049891998892185416,-0.07065944880112962,-0.14357988653672643,-0.06373245868470953,-0.12910001277533883,-0.018368545858395438,-0.12066607944943902,0,-0.3475777192741606,-6.640463002801606,0.6741259989819514,6.985313962174862e-08,0.7443876327254954,9.128931674685014e-09,0.31095571095571095,29394,206180,True,False,False,False,,,,,,,,,,,,,,,,,,False,False
45,i034>i061+i101|-,Chande Kroll Stop (kích hoạt) + Standard Error Bands (xác nhận) + Median Price (xác nhận),False,8,242,6069,2964,3105,0.3774921733399242,82.7838679050616,606.7985042930329,18.63651586243439,-0.5380689999999994,-543.1892212504058,0.8054510300266746,566.0872916094291,-0.08950226087500508,0.013640446186367046,0.9816038649344836,-0.7390269126033105,148.33498105124403,0.32410611303344866,0.40995221618058986,0.21074312077772286,0.05519855000823859,-0.12282983157203606,-0.057843502954807086,-0.09209962576159228,-0.06733301749490216,-0.0893581660320204,-0.08107712795260096,-0.1186249628709067,-0.07692554623389708,-0.07972390754713196,-0.10822833769537894,0,-0.3492827121996564,-6.673036846905989,0.6741259989819514,2.428819635166185e-51,0.7443876327254954,2.4687339750212475e-58,0.31095571095571095,29394,206180,True,False,False,False,,,,,,,,,,,,,,,,,,False,False
46,i034>i024+i052|-,Chande Kroll Stop (kích hoạt) + Williams Fractal (xác nhận) + Williams %R (xác nhận),False,2,62,1652,868,784,0.3801452784503632,21.280707135161634,165.23506297106758,4.027109778574338,-0.4301850000000042,-148.41165061448032,0.8064390420381308,166.84420113608581,-0.0898375609046491,0.012881783980122054,0.9846052196843946,-0.7487731724377735,145.97033898305085,0.3238498789346247,0.4092009685230024,0.20702179176755447,0.0599273607748184,-0.14347299279440165,-0.03564194237024369,-0.15816974694305208,-0.07202090269660272,-0.1346205571301957,-0.06038262495140016,-0.0606997706141721,-0.1220970134021581,-0.02189030234760065,-0.1393489066275111,0,-0.4150388547686684,-7.9293061867483745,0.6741259989819514,6.486464178015014e-17,0.7443876327254954,6.394639972691952e-19,0.31095571095571095,29394,206180,True,False,False,False,,,,,,,,,,,,,,,,,,False,False
47,i024>i101+i052|-,Williams Fractal (kích hoạt) + Median Price (xác nhận) + Williams %R (xác nhận),False,1,31,803,431,372,0.37484433374844334,10.276094447469674,80.32419606751654,1.9891635165234436,-0.24167400000000275,-72.2789391365703,0.8036347768524483,102.66125720260104,-0.09001113217505642,0.0127971288262387,0.9827417823244129,-0.7332354892753359,145.19551681195517,0.3138231631382316,0.40473225404732255,0.22042341220423411,0.06102117061021171,-0.1766771620361969,0.0021788124337062654,-0.11363255114795381,-0.06035965766186661,-0.08220213528346433,-0.11079330914707641,-0.08832498305367045,-0.13967295613244057,0.003004529387667885,-0.13468941367894724,0,-0.34022485428425886,-6.499986714413498,0.6741259989819514,1.1830560648407028e-07,0.7443876327254954,1.6382964396781252e-08,0.31095571095571095,29394,206180,True,False,False,False,,,,,,,,,,,,,,,,,,False,False
48,i034>i024+i061|-,Chande Kroll Stop (kích hoạt) + Williams Fractal (xác nhận) + Standard Error Bands (xác nhận),False,6,165,3615,1739,1876,0.3820193637621023,48.432214110729724,361.4514915287695,11.976636326710647,-0.4720860000000003,-325.4679997447504,0.8070802156827417,326.9479667369216,-0.09003264169979264,0.01339756960186161,0.9859492249549925,-0.7551763112836146,156.67053941908713,0.32863070539419087,0.4268326417704011,0.17095435684647303,0.073582295988935,-0.12964573138645102,-0.04936837656634882,-0.0761007062417827,-0.0947604301976312,-0.10268026405269716,-0.047874065586837336,-0.13077359089483637,-0.11202840610005785,-0.05543594991683681,-0.09895156124870193,0,-0.33606354265829846,-6.420484967428612,0.6741259989819514,1.3956883132929841e-34,0.7443876327254954,2.8640721918386518e-39,0.31095571095571095,29394,206180,True,False,False,False,,,,,,,,,,,,,,,,,,False,False
49,i034>i024+i101|-,Chande Kroll Stop (kích hoạt) + Williams Fractal (xác nhận) + Median Price (xác nhận),False,8,242,6247,3103,3144,0.37506002881383066,77.0711768062915,624.6232519743855,19.32931149484935,-0.7612149999999961,-567.6426016629434,0.8041083659405392,588.0791639783739,-0.09086643215350464,0.012337310197901635,0.9944922082801757,-0.7422484235818124,149.12822154634225,0.32623659356491114,0.4086761645589883,0.21066111733632142,0.054426124539779096,-0.11987959473520253,-0.06003245918833385,-0.09697864336646499,-0.06787996143339516,-0.07550804962521222,-0.07517070926463255,-0.1371593822879084,-0.07804809629200118,-0.07577240592597784,-0.11370597509816584,0,-0.3616735792853303,-6.909764030187113,0.6741259989819514,8.061927585552077e-54,0.7443876327254954,4.504505212454156e-61,0.31095571095571095,29394,206180,True,False,False,False,,,,,,,,,,,,,,,,,,False,False
50,i024>i020+i101|-,Williams Fractal (kích hoạt) + Parabolic SAR (xác nhận) + Median Price (xác nhận),False,4,121,2997,1483,1514,0.38038038038038036,34.471280262003745,299.6697806618478,10.329544094444307,-0.1588809999999855,-275.6869254942884,0.8087816895223114,304.63491897688624,-0.09198762946089035,0.011501928682683933,1.0228528334761888,-0.7763808054158016,141.69536202869537,0.344678011344678,0.44411077744411076,0.1648314981648315,0.046379713046379716,-0.14499052570582982,-0.04120245659918504,-0.10863873886041497,-0.09151657064747808,-0.07303848797081393,-0.10083949941512474,-0.08565380331019279,-0.04673737124369184,-0.0828237584699201,-0.12775192039199976,0,-0.31374316681748043,-5.99405478574407,0.6741259989819514,2.06961753836682e-26,0.7443876327254954,5.167315252685448e-30,0.31095571095571095,29394,206180,True,False,False,False,,,,,,,,,,,,,,,,,,False,False
51,i024>i027+i020|-,Williams Fractal (kích hoạt) + Zig Zag (xác nhận) + Parabolic SAR (xác nhận),False,9,257,4936,2545,2391,0.4072123176661264,56.692476700551374,493.5880013849113,16.389467970027717,-1.049245999999998,-454.3342386543877,0.8102598180550148,470.19183918073406,-0.09204502403857125,0.011485509866400198,0.9652601977556106,-0.8183551729812593,179.43618314424634,0.3379254457050243,0.49959481361426256,0.01620745542949757,0.14627228525121555,-0.12566628275865263,-0.05388895090741478,-0.13759384566662325,-0.11157245748530621,-0.0772948738810748,-0.06551451461377555,-0.07988094829690319,-0.06271063103222599,-0.10656580201302465,-0.10867937297393525,0,-0.2967500951114557,-5.6694026066473855,0.6741259989819514,2.8587302465179945e-56,0.7443876327254954,2.1654079825213432e-64,0.31095571095571095,29394,206180,True,False,False,False,,,,,,,,,,,,,,,,,,False,False
52,i061>i099|-,Standard Error Bands (kích hoạt) + Average Price (xác nhận),False,1,31,637,329,308,0.38304552590266877,6.727360305650121,63.70717603628502,1.844817415032249,-0.24367100000000397,-59.06830414566715,0.8018367105694745,63.633520235948346,-0.09272889190842568,0.010561005189403644,0.9795518045978496,-0.7584705966095229,157.3249607535322,0.32339089481946626,0.41444270015698587,0.1836734693877551,0.07849293563579278,-0.18140160401832559,0.013639064726187337,-0.19378489862918355,-0.04088623714922448,0.01926524560038381,-0.09636061013903735,-0.15572027080468542,-0.02269347548541028,-0.1370238443488546,-0.11584200385294416,1,-0.32767808667226433,-6.26028105575912,0.6741259989819514,2.4012733416284274e-05,0.7443876327254954,6.8026702162423874e-06,0.31095571095571095,29394,206180,True,False,False,False,,,,,,,,,,,,,,,,,,False,False
53,i024>i101|-,Williams Fractal (kích hoạt) + Median Price (xác nhận),False,8,242,6204,3068,3136,0.37379110251450676,64.26103425480706,620.3768117430668,18.820237137365623,-0.3612900000000044,-575.2973046256254,0.8010892478626122,602.7180832122499,-0.09273006199639351,0.010358000363444078,0.9991121348346085,-0.7444628945449376,146.90490006447453,0.32656350741457124,0.40377176015473887,0.22211476466795615,0.04754996776273372,-0.123028800297748,-0.0589935415943289,-0.10896078944399756,-0.09059832607315974,-0.08249871585834127,-0.09455705630652031,-0.08845694499933532,-0.06416242621613918,-0.08387644350893686,-0.125187793956227,0,-0.3519776490996847,-6.724523544088115,0.6741259989819514,2.6331491982338693e-56,0.7443876327254954,5.574624705935599e-64,0.31095571095571095,29394,206180,True,False,False,False,,,,,,,,,,,,,,,,,,False,False
54,i024>i027|-,Williams Fractal (kích hoạt) + Zig Zag (xác nhận),False,12,349,7304,3764,3540,0.4056681270536692,75.8516505854854,730.401864508808,22.847309842740074,-1.3367980000000006,-678.7343217660627,0.8101421085764439,710.6328823354273,-0.09292638578396259,0.010384946684759777,0.9774638667650227,-0.8235336924650598,171.03737677984665,0.34214129244249725,0.5043811610076671,0.02039978094194962,0.1330777656078861,-0.1238123622233353,-0.06408493917696288,-0.11454870120474532,-0.09603804460137993,-0.09460104969607908,-0.07434589549067451,-0.09418782256936983,-0.07021545356616528,-0.11744726244137951,-0.09008206686800227,0,-0.3227679690379934,-6.166473390072524,0.6741259989819514,1.1600168236255235e-73,0.7443876327254954,4.302227481225346e-84,0.31095571095571095,29394,206180,True,False,False,False,,,,,,,,,,,,,,,,,,False,False
55,i024>i099|-,Williams Fractal (kích hoạt) + Average Price (xác nhận),False,2,62,1588,815,773,0.3778337531486146,15.11668788771784,158.823725501721,4.074359291611607,-0.16971199999999942,-147.95110890561477,0.8005695287078436,153.85464728859617,-0.09316820460051309,0.009519324866321057,0.9898616859711992,-0.7508786644618768,149.29282115869017,0.3243073047858942,0.4005037783375315,0.22670025188916876,0.04848866498740554,-0.15110691141456548,-0.03133903185967929,-0.1434370544347335,-0.017241603228834657,-0.10387456146568959,-0.07989699966881311,-0.14396886734676076,-0.09113145612487783,-0.1517099791638766,-0.013407405810812347,0,-0.37870332953214925,-7.2351169518217535,0.6741259989819514,7.052947933075894e-12,0.7443876327254954,2.844468985033041e-13,0.31095571095571095,29394,206180,True,False,False,False,,,,,,,,,,,,,,,,,,False,False
56,i034>i101+i020|-,Chande Kroll Stop (kích hoạt) + Median Price (xác nhận) + Parabolic SAR (xác nhận),False,2,60,1501,753,748,0.346435709526982,13.960916694044023,150.1095438860798,3.889090856886264,-0.27084499999999756,-140.30856304892203,0.771588069328205,147.98979972134092,-0.09347672421647038,0.009301077077977364,0.9114808575716834,-0.6261759520756344,172.05596269153898,0.2671552298467688,0.27581612258494337,0.40706195869420386,0.049966688874083946,-0.14359534158016032,-0.034866943532894566,-0.12727649634711077,-0.058367852486045924,0.004683414127127029,-0.12460366658306977,-0.13905106132054618,-0.0610421820335422,-0.14406531377582554,-0.09387342672664546,1,-0.4161355325617774,-7.950258186566838,0.6741259989819514,2.0318659658752936e-15,0.7443876327254954,3.161847168028795e-17,0.31095571095571095,29394,206180,True,False,False,False,,,,,,,,,,,,,,,,,,False,False
57,i061>i020|-,Standard Error Bands (kích hoạt) + Parabolic SAR (xác nhận),False,9,257,5788,2887,2901,0.37301313061506564,56.190836250356234,578.7738034591565,19.294237428388076,-0.7282320000000022,-542.6054366371884,0.7873603382087005,564.3921804502212,-0.09374662001333595,0.009708161066060164,0.9305950967370191,-0.7031579637620314,153.08949550794748,0.2990670352453352,0.3692121630960608,0.27194194885970974,0.059778852798894264,-0.1247102006612992,-0.06072770503994526,-0.12442943496085634,-0.08376917957720909,-0.09443684272604239,-0.08148968857565486,-0.09075291860985518,-0.07792061393806875,-0.10991072847129368,-0.09851336671639367,0,-0.34995878094768523,-6.685953122201226,0.6741259989819514,2.825588515711903e-58,0.7443876327254954,3.039503577691163e-66,0.31095571095571095,29394,206180,True,False,False,False,,,,,,,,,,,,,,,,,,False,False
58,i024>i101+i001|-,Williams Fractal (kích hoạt) + Median Price (xác nhận) + SMA (xác nhận),False,1,31,811,435,376,0.3711467324290999,7.326648821196424,81.12642121222295,2.0222975589906764,-0.24111400000000277,-76.0631839500172,0.7958774482967725,105.54255021447602,-0.09378937601728385,0.009034092257948736,0.9852880493803778,-0.7306566408108057,143.8988902589396,0.31319358816276205,0.4032059186189889,0.22564734895191121,0.05795314426633785,-0.175562725679974,-0.00582894247624854,-0.13310197284435155,-0.057760419918807926,-0.08966407794382998,-0.11511415027625009,-0.08444612904772289,-0.13726708326597523,-0.0020241193909651257,-0.14181483568468548,0,-0.3620282500395057,-6.916540005431429,0.6741259989819514,5.6120094371019515e-08,0.7443876327254954,7.330602089547253e-09,0.31095571095571095,29394,206180,True,False,False,False,,,,,,,,,,,,,,,,,,False,False
59,i034>i027+i052|-,Chande Kroll Stop (kích hoạt) + Zig Zag (xác nhận) + Williams %R (xác nhận),False,2,62,1529,855,674,0.40680183126226294,13.481411658362074,152.9120707040014,3.839828902803995,-0.5715700000000091,-143.8420579484433,0.8104984691169187,154.00559935440285,-0.09407590447903422,0.00881714300743105,0.9890881058036523,-0.836885181651946,157.26749509483324,0.3485938521909745,0.513407455853499,0.030085022890778287,0.1079136690647482,-0.14400895566911107,-0.03844518439267225,-0.14434429243518898,-0.0660389969860561,-0.05686256320328539,-0.13088238306413172,-0.08229458469535374,-0.07223679936022019,-0.08135222033290335,-0.1200809260468677,0,-0.41776699951575635,-7.98142731895776,0.6741259989819514,5.702423690444688e-17,0.7443876327254954,5.593734112478466e-19,0.31095571095571095,29394,206180,True,False,False,False,,,,,,,,,,,,,,,,,,False,False
60,i024>i061+i034|-,Williams Fractal (kích hoạt) + Standard Error Bands (xác nhận) + Chande Kroll Stop (xác nhận),False,1,31,574,293,281,0.3780487804878049,4.529751198408915,57.38629517786481,1.6732564597454929,-0.09839399999999282,-54.62819443920137,0.790827611331705,64.75699581818611,-0.09517107045157033,0.007891552610468493,0.9517756305504684,-0.7315504377273194,180.28397212543555,0.30662020905923343,0.3885017421602787,0.19686411149825783,0.10801393728222997,-0.1861811760323633,0.0021991279075393886,-0.10315932766739003,-0.12331098263775389,-0.1253043210472599,-0.15765200262178494,0.04530390646630724,-0.147014839704122,-0.13678628538753584,0.05195524921073243,1,-0.3360569731688852,-6.420359457509601,0.6741259989819514,5.058805043181947e-07,0.7443876327254954,8.502730722798162e-08,0.31095571095571095,29394,206180,True,False,False,False,,,,,,,,,,,,,,,,,,False,False
61,i034>i024+i001|-,Chande Kroll Stop (kích hoạt) + Williams Fractal (xác nhận) + SMA (xác nhận),False,1,31,819,444,375,0.3772893772893773,6.247944233005254,81.91421222599331,2.115888068914509,-0.35031700000000615,-78.13247306190256,0.7954564548861746,107.90195645645353,-0.09539984500842803,0.007628747537246952,0.9833400394084788,-0.7489893043904363,143.6019536019536,0.3199023199023199,0.41025641025641024,0.20634920634920634,0.06349206349206349,-0.17490748980830725,-0.01204909106035684,-0.18921847482313292,-0.04228077592439902,-0.06573182138724562,-0.08652065163489771,-0.10937919759295221,-0.13844560372378872,0.060496468756503836,-0.201160878157254,0,-0.3817342623573275,-7.2930228421406245,0.6741259989819514,2.0388078672198096e-08,0.7443876327254954,2.419493592898933e-09,0.31095571095571095,29394,206180,True,False,False,False,,,,,,,,,,,,,,,,,,False,False
62,i034>i027+i001|-,Chande Kroll Stop (kích hoạt) + Zig Zag (xác nhận) + SMA (xác nhận),False,1,31,776,444,332,0.4097938144329897,5.36840616752341,77.60260904080312,2.1240503671458097,-0.31190700000000743,-74.67016024042553,0.805385575171741,96.34002623965794,-0.09622443329951744,0.006918049184952847,0.9717370982347454,-0.8377348416573681,155.5992268041237,0.3440721649484536,0.5141752577319587,0.024484536082474227,0.1172680412371134,-0.17941921933121402,-0.008183073465792827,-0.14792140970213305,-0.034790338609065254,-0.06652528325460735,-0.16321604334073506,-0.08093658972104517,-0.09566225800489003,-0.014336332911656554,-0.16772903006236725,0,-0.3772446781611078,-7.207249456506996,0.6741259989819514,2.112333230020272e-08,0.7443876327254954,2.4951726700710005e-09,0.31095571095571095,29394,206180,True,False,False,False,,,,,,,,,,,,,,,,,,False,False
63,i034>i024+i020|-,Chande Kroll Stop (kích hoạt) + Williams Fractal (xác nhận) + Parabolic SAR (xác nhận),False,9,257,5773,2895,2878,0.37034470812402565,40.17140054442003,577.245301671171,19.19136829179484,-0.7107579999999848,-556.9760274185458,0.7862027249582669,560.9897556554686,-0.09647947816014996,0.006958496543291188,0.9579904540575392,-0.7166876528730577,167.13130088342282,0.3065996882037069,0.3816040187077776,0.2347133206305214,0.07708297245799411,-0.12640267712321687,-0.06463803652883032,-0.09159863241648604,-0.0926929448808028,-0.06911660164169539,-0.09555549873725179,-0.1289613514203835,-0.08967652035318308,-0.1024288806714729,-0.09921378191623041,0,-0.3716448834910939,-7.100265529553433,0.6741259989819514,1.1826872496321756e-57,0.7443876327254954,2.2969653936689433e-65,0.31095571095571095,29394,206180,True,False,False,False,,,,,,,,,,,,,,,,,,False,False
64,i024>i027+i101|-,Williams Fractal (kích hoạt) + Zig Zag (xác nhận) + Median Price (xác nhận),False,6,180,3796,1946,1850,0.40226554267650155,16.64581378065837,379.57231290992974,11.460272671530813,-0.5730419999999986,-374.95981380080224,0.8025845268642662,411.5791413430273,-0.09877761164404696,0.004385093198276705,0.9982866914794913,-0.8370839981004786,159.23024236037935,0.3493150684931507,0.5216016859852476,0.016596417281348787,0.1124868282402529,-0.13961499196878158,-0.0567289933794426,-0.11301237845818791,-0.11577819377858625,-0.09475948497808925,-0.06393016053913854,-0.1151318817352642,-0.05990569350053985,-0.09044049636089291,-0.13005037493026914,0,-0.34819594037580914,-6.652274100364537,0.6741259989819514,5.693370401662601e-42,0.7443876327254954,1.2038796550379244e-47,0.31095571095571095,29394,206180,True,False,False,False,,,,,,,,,,,,,,,,,,False,False
65,i027>i052|-,Zig Zag (kích hoạt) + Williams %R (xác nhận),False,2,62,1068,512,556,0.4035580524344569,3.5201229741677387,106.80844800435518,2.8324662286591433,0.09504500000000857,-106.02574625884655,0.8047786575257609,109.65080215692086,-0.09927504331352674,0.0032959952941645494,1.014105698934427,-0.8525985910511534,127.74063670411985,0.3548689138576779,0.5243445692883895,0.052434456928838954,0.06835205992509363,-0.1548060967884169,-0.035421165333900814,-0.10551275381255625,-0.063316609838137,-0.08023241151827215,-0.1371573134187628,-0.09877997625309294,0.0399693696627672,-0.1809555665392799,-0.07894710655289996,0,-0.38305861891713994,-7.318324638689371,0.6741259989819514,8.110933635512721e-15,0.7443876327254954,1.3306774068176532e-16,0.31095571095571095,29394,206180,True,False,False,False,,,,,,,,,,,,,,,,,,False,False
66,i034>i027+i061|-,Chande Kroll Stop (kích hoạt) + Zig Zag (xác nhận) + Standard Error Bands (xác nhận),False,3,76,1205,621,584,0.4049792531120332,5.609684407117088,120.52259934535357,4.336760887218555,-0.526170000000002,-119.77584582545502,0.7843420704508385,119.77584582545488,-0.09939904217880086,0.004655339756943642,0.8926670476075496,-0.7746127825075861,217.73195020746888,0.2987551867219917,0.45560165975103734,0.025726141078838173,0.21991701244813278,-0.15873466561979235,-0.03547061389016842,-0.07232300347562053,-0.13638478808583213,-0.10103084302752381,-0.10173000626410719,-0.07912338369357953,-0.12753072566507795,-0.10184546361185795,-0.021113929249273203,0,-0.36580220363586635,-6.988641287651869,0.6741259989819514,2.244700979922149e-17,0.7443876327254954,1.5256077141990073e-19,0.31095571095571095,29394,206180,True,False,False,False,,,,,,,,,,,,,,,,,,False,False
67,i034>i052+i099|-,Chande Kroll Stop (kích hoạt) + Williams %R (xác nhận) + Average Price (xác nhận),False,1,31,992,514,478,0.3487903225806452,1.9819594764015402,99.21422111893588,2.2352378123838945,-0.03767599999999682,-99.50517545491823,0.7771571175603738,104.48900686536903,-0.1003076365472966,0.0019979430205660687,1.0029508078045202,-0.6912169581351119,134.07258064516128,0.3074596774193548,0.34576612903225806,0.3245967741935484,0.02217741935483871,-0.1552525857746973,-0.04286797799901302,-0.14945308680365266,-0.10144862410773584,-0.1642942631370909,-0.07412084637985908,-0.04400309324958374,-0.1637577492160544,-0.08519171630621282,-0.06267243548434615,0,-0.6402067982658486,-12.23113370702897,0.6741259989819514,9.679867826092747e-12,0.7443876327254954,7.773714064165035e-13,0.31095571095571095,29394,206180,True,False,False,False,,,,,,,,,,,,,,,,,,False,False
68,i024>i061|-,Williams Fractal (kích hoạt) + Standard Error Bands (xác nhận),False,12,349,7746,3806,3940,0.37632326361993285,12.50951052242577,774.5810987975458,23.765007546572146,-0.888410000000013,-786.7250058216922,0.779887904018786,800.7262165087137,-0.10156532478978729,0.001614963919755457,0.9562526912605905,-0.7398471539735694,159.80570617092692,0.310870126516912,0.4043377226955848,0.20926930028401755,0.07552285050348567,-0.12925855523872257,-0.07333694992842887,-0.11259521591198969,-0.0924685911461821,-0.12680438081357862,-0.09301860460739737,-0.08937500843386895,-0.09312380583381906,-0.10910357207887776,-0.10332215343230387,0,-0.37388311114989686,-7.143026808933383,0.6741259989819514,3.325334779314137e-78,0.7443876327254954,9.73879953337895e-89,0.31095571095571095,29394,206180,True,False,False,False,,,,,,,,,,,,,,,,,,False,False
69,i024>i061+i020|-,Williams Fractal (kích hoạt) + Standard Error Bands (xác nhận) + Parabolic SAR (xác nhận),False,8,227,4631,2286,2345,0.37443316778233643,8.488359865856266,463.0735619214827,15.28009635775226,-0.789867000000013,-470.65516541337865,0.7789790866692624,483.031526601994,-0.10163143282517353,0.0018329431798437196,0.9566347778485753,-0.7350569106671758,168.90887497300798,0.3094364068235802,0.40272079464478516,0.20168430144677177,0.08615849708486288,-0.13863149582134354,-0.0646039125747546,-0.11284976680536209,-0.11087758475487315,-0.1291901472280638,-0.09968009378083455,-0.05794926129984382,-0.08256686686519611,-0.10181871276096757,-0.1272916527483498,0,-0.36420836472119683,-6.958191037942566,0.6741259989819514,1.7199964014060447e-52,0.7443876327254954,1.5353097271898713e-59,0.31095571095571095,29394,206180,True,False,False,False,,,,,,,,,,,,,,,,,,False,False
70,i034>i061+i052|-,Chande Kroll Stop (kích hoạt) + Standard Error Bands (xác nhận) + Williams %R (xác nhận),False,2,62,1561,798,763,0.36963484945547725,-4.633740899350814,156.1400503609066,3.722108899631882,-0.08769999999999677,-164.5836001598893,0.774996250933319,173.10549346097935,-0.10543472143490665,-0.0029684438817109632,0.9824729273430569,-0.7433643081675133,144.10121716848175,0.3171044202434337,0.4138372837924407,0.2139654067905189,0.05509288917360666,-0.1543880243394665,-0.05199587169317955,-0.15617918826016963,-0.04762598752210781,-0.15626389508690428,-0.12838202793106457,-0.06454989858578825,-0.13149065903492688,-0.07110269199713841,-0.12055447957371608,0,-0.5059513970383454,-9.66618786804004,0.6741259989819514,2.1938837948917e-17,0.7443876327254954,2.735071560997279e-19,0.31095571095571095,29394,206180,True,False,False,False,,,,,,,,,,,,,,,,,,False,False
71,i034>i101+i018|-,Chande Kroll Stop (kích hoạt) + Median Price (xác nhận) + SuperTrend (xác nhận),False,2,60,1311,631,680,0.391304347826087,-5.5478165235746,131.05189738302664,3.350846757082434,-0.377996999999999,-140.32855766368368,0.783069283729717,146.4949639410378,-0.10703932697458711,-0.004231744106464226,0.9874334495969475,-0.8106289690562879,171.022120518688,0.3340961098398169,0.4950419527078566,0.059496567505720827,0.11136536994660565,-0.16936026345417013,-0.04118695585309449,-0.14510068410703758,-0.16966642245756292,-0.030349898853526413,-0.0831389189221102,-0.10665686503025622,-0.12344434625167347,-0.11736832926349053,-0.0855457796942532,0,-0.439959004264622,-8.405404974374164,0.6741259989819514,1.2126375624093478e-12,0.7443876327254954,4.6849888848162323e-14,0.31095571095571095,29394,206180,True,False,False,False,,,,,,,,,,,,,,,,,,False,False
72,i061>i027|-,Standard Error Bands (kích hoạt) + Zig Zag (xác nhận),False,5,137,2448,1245,1203,0.4011437908496732,-15.93122096804932,244.80994178699655,7.987226108962753,-0.7336160000000003,-269.46200486400863,0.7762641306808785,291.3187281626416,-0.11007434839216039,-0.0065078517026345255,0.952050426887893,-0.8215385566629737,176.0563725490196,0.3243464052287582,0.5069444444444444,0.023284313725490197,0.1454248366013072,-0.15866628164040406,-0.05808577840506102,-0.07084171796373945,-0.11272834141469751,-0.0720562764801466,-0.14731424308613666,-0.12534143286428445,-0.11883099790522016,-0.10397923543329747,-0.10634688425348596,0,-0.36490848485895233,-6.971566814393341,0.6741259989819514,7.339960507586434e-27,0.7443876327254954,2.4197164061608336e-30,0.31095571095571095,29394,206180,True,False,False,False,,,,,,,,,,,,,,,,,,False,False
73,i024>i061+i101|-,Williams Fractal (kích hoạt) + Standard Error Bands (xác nhận) + Median Price (xác nhận),False,5,150,3265,1536,1729,0.3721286370597244,-26.292971753155914,326.45527097311486,9.446885801879922,-0.2155470000000017,-362.4106755281507,0.7713505465719507,385.3228952531395,-0.11099867550632488,-0.008052977566050815,1.0062510077067812,-0.7731734877521415,147.8030627871363,0.32924961715160794,0.4480857580398162,0.16049004594180705,0.06217457886676876,-0.1534303213303941,-0.0686351937676077,-0.1077553936064709,-0.12126683338393313,-0.11846624484748597,-0.09239384821140426,-0.11656988558003327,-0.10017487356492687,-0.0770081537461798,-0.1454633433609488,0,-0.40631395771305273,-7.762617262550189,0.6741259989819514,3.3029914189325353e-35,0.7443876327254954,1.1530792238319738e-39,0.31095571095571095,29394,206180,True,False,False,False,,,,,,,,,,,,,,,,,,False,False
74,i024>i052|-,Williams Fractal (kích hoạt) + Williams %R (xác nhận),False,2,62,1731,887,844,0.36279607163489314,-15.764427230628918,173.14604749503604,4.097390785687678,-0.20329300000000067,-193.21115851135264,0.7587541773533636,205.70692417495113,-0.11161823137570923,-0.009107121450392212,0.9676400918610986,-0.726100758114345,137.7151935297516,0.30271519352975157,0.38648180242634317,0.2697862507221259,0.04101675332177932,-0.1611663798530291,-0.055458793887841994,-0.12952887180614667,-0.047361629681391605,-0.14228243651636074,-0.12988128120589446,-0.11917880213055008,-0.12353896690886922,-0.10794523464395427,-0.10507386668000167,0,-0.5090072798244015,-9.72457042669219,0.6741259989819514,1.9933308614389083e-16,0.7443876327254954,3.2809035558790218e-18,0.31095571095571095,29394,206180,True,False,False,False,,,,,,,,,,,,,,,,,,False,False
75,i024>i001|-,Williams Fractal (kích hoạt) + SMA (xác nhận),False,1,31,906,470,436,0.3576158940397351,-8.266345941450925,90.63167349637578,2.2875854042210717,-0.2122010000000018,-101.39780584204779,0.7543653392585105,128.18885051097843,-0.11191810799343022,-0.009124002142881817,0.9611155949507785,-0.7092770766427836,132.08278145695365,0.2958057395143488,0.37858719646799116,0.2858719646799117,0.039735099337748346,-0.19186437614753463,-0.029385889513274373,-0.1679480931765625,-0.06160558127067693,-0.11598998568216852,-0.1500526486191656,-0.08285099647469422,-0.13439148695905564,-0.06182703502801479,-0.14014238467370121,0,-0.45829803787173984,-8.755771719485189,0.6741259989819514,1.4887657303540582e-08,0.7443876327254954,1.9704539560975432e-09,0.31095571095571095,29394,206180,True,False,False,False,,,,,,,,,,,,,,,,,,False,False
76,i024>i061+i052|-,Williams Fractal (kích hoạt) + Standard Error Bands (xác nhận) + Williams %R (xác nhận),False,1,31,716,374,342,0.3784916201117318,-7.296274334278774,71.60803866961487,1.588711989397764,-0.06642400000000034,-80.55944899329141,0.7646482592915015,83.89618258997028,-0.11251319691800478,-0.010190327282512254,0.9658095282277939,-0.7691996205461206,147.518156424581,0.31564245810055863,0.43575418994413406,0.17737430167597765,0.0712290502793296,-0.18922020552417984,-0.03386904501245207,-0.1522720512965831,-0.0410915244593488,-0.19443539233978713,-0.09876608512792029,-0.10894751845454947,-0.05280987645609402,-0.1513487810340586,-0.11372297388003146,0,-0.4820343348126943,-9.209253035805107,0.6741259989819514,7.030497950843152e-12,0.7443876327254954,3.8071147435670445e-13,0.31095571095571095,29394,206180,True,False,False,False,,,,,,,,,,,,,,,,,,False,False
77,i034>i052|-,Chande Kroll Stop (kích hoạt) + Williams %R (xác nhận),False,2,62,2057,1108,949,0.3403014098201264,-23.796858377420847,205.72430252169767,4.982597710003339,-0.4661130000000003,-234.9698716091219,0.7473759167254073,248.3853881624077,-0.11422939796262609,-0.011568720650180286,0.9930668577391817,-0.6854212763644429,129.39766650461837,0.29460379192999514,0.34710743801652894,0.3354399611084103,0.022848808945065628,-0.15832853479797346,-0.06421621293237217,-0.13480611292687347,-0.08097657942448688,-0.1575349912906468,-0.1307915439923668,-0.08136310419106771,-0.15929073882029077,-0.07313647290792764,-0.11825666502893901,0,-0.5990477757149272,-11.444791685303215,0.6741259989819514,1.6942900830117504e-17,0.7443876327254954,2.8514273772457277e-19,0.31095571095571095,29394,206180,True,False,False,False,,,,,,,,,,,,,,,,,,False,False
78,i061>i052|-,Standard Error Bands (kích hoạt) + Williams %R (xác nhận),False,2,62,1494,717,777,0.3668005354752343,-20.637423854351823,149.4243080039659,3.600788242505054,0.14591700000000152,-173.5166031008228,0.7503980136925319,183.0031844774375,-0.11614230461902462,-0.013813536716433615,0.9519280347768534,-0.7348553553472922,140.23159303882196,0.30120481927710846,0.40896921017402943,0.23828647925033467,0.051539491298527446,-0.16855884347904726,-0.058794804359643335,-0.12089648839837569,-0.09804586211058705,-0.13075124049810322,-0.1448012979381805,-0.08913618296057074,-0.11192035578513422,-0.09699589146185841,-0.14552191781570903,0,-0.5185199313888934,-9.906309379650581,0.6741259989819514,7.520817352019e-19,0.7443876327254954,6.5647565832221e-21,0.31095571095571095,29394,206180,True,False,False,False,,,,,,,,,,,,,,,,,,False,False
79,i024>i034+i061|-,Williams Fractal (kích hoạt) + Chande Kroll Stop (xác nhận) + Standard Error Bands (xác nhận),False,3,75,1434,712,722,0.3702928870292887,-22.233312249631666,143.39970932244245,5.020674329699201,-0.32529500000001543,-170.97899090177333,0.7441514379243428,181.37491853127452,-0.11923221122857276,-0.015504401847720825,0.9365405225337079,-0.7400686692881198,187.03626220362622,0.2928870292887029,0.4121338912133891,0.1694560669456067,0.12552301255230125,-0.18191884215040094,-0.061423565546849725,-0.09459246277424536,-0.1359562626062448,-0.1449194955724189,-0.1578411109233669,-0.059985036283873236,-0.11455572808742581,-0.08463322038655141,-0.16033608452156345,0,-0.41989296713648705,-8.022043873321767,0.6741259989819514,5.576831428988279e-21,0.7443876327254954,1.6479929552869625e-23,0.31095571095571095,29394,206180,True,False,False,False,,,,,,,,,,,,,,,,,,False,False
80,i061>i027+i020|-,Standard Error Bands (kích hoạt) + Zig Zag (xác nhận) + Parabolic SAR (xác nhận),False,1,30,436,216,220,0.4036697247706422,-6.618765016473915,43.61939140158185,1.8655043740571193,-0.20139700000000108,-52.3050577921129,0.7463769541105767,60.68629455680057,-0.11996572888099288,-0.015180653707508979,0.8745819819149044,-0.7931980254197544,234.30045871559633,0.2889908256880734,0.47706422018348627,0.022935779816513763,0.21100917431192662,-0.25640777225235795,0.018486420200269436,-0.06569913240346538,-0.024146117953647732,-0.05829114910945877,-0.15962555522191244,-0.2766031258042216,-0.11268019346752772,-0.17047172402818223,-0.0206438644002573,0,-0.29987095484595283,-5.7290265481564635,0.6741259989819514,7.462938547600038e-07,0.7443876327254954,1.2389301394417487e-07,0.31095571095571095,29394,206180,True,False,False,False,,,,,,,,,,,,,,,,,,False,False
81,i034>i031+i101|-,Chande Kroll Stop (kích hoạt) + Donchian Channels (xác nhận) + Median Price (xác nhận),False,1,30,683,307,376,0.3850658857979502,-12.53057903475665,68.25821155387695,1.9150216721228197,-0.0514700000000055,-82.75528226075642,0.7687453490956823,87.07242631862215,-0.12116439569656869,-0.018346382188516325,1.0460007628510597,-0.8520321021204409,134.11273792093704,0.35724743777452417,0.5519765739385066,0.03513909224011713,0.055636896046852125,-0.21110035741301225,-0.032836312393937965,-0.09028812481245403,-0.12319377668439471,-0.16863276947888337,-0.1132082047643617,-0.11159648734527054,-0.18743989032740166,-0.049848989263003976,-0.1416958181900713,0,-0.4632245851540283,-8.849893273156427,0.6741259989819514,9.86742970227937e-08,0.7443876327254954,1.664701799890524e-08,0.31095571095571095,29394,206180,True,False,False,False,,,,,,,,,,,,,,,,,,False,False
82,i027>i052+i001|-,Zig Zag (kích hoạt) + Williams %R (xác nhận) + SMA (xác nhận),False,1,31,528,252,276,0.3939393939393939,-9.697446130948773,52.811966815268974,1.5499397748950619,-0.024213999999998792,-64.08356672111279,0.768666846549662,76.51694229804835,-0.12137039151725908,-0.01836637524800904,1.023725714584121,-0.8656828604831561,125.03219696969697,0.3484848484848485,0.5492424242424242,0.03977272727272727,0.0625,-0.22317235369143182,-0.019754093191144642,-0.17754273908933693,-0.10863235427646728,-0.02754831741682397,-0.15600973739671686,-0.12460657860259707,-0.04540372021692621,-0.2148792026285895,-0.08043347301859846,0,-0.3851711527041505,-7.358684540020523,0.6741259989819514,1.7545921639618678e-08,0.7443876327254954,2.055606536893753e-09,0.31095571095571095,29394,206180,True,False,False,False,,,,,,,,,,,,,,,,,,False,False
83,i020>i027|-,Parabolic SAR (kích hoạt) + Zig Zag (xác nhận),False,1,31,453,258,195,0.39293598233995586,-9.984734975161746,45.28437730332532,1.3922128733015833,-0.12621500000000016,-56.787540151788654,0.7326871752827814,61.579075162989405,-0.12535880828209414,-0.022041357561063457,0.8744436921294544,-0.7725036994575691,206.32229580573951,0.2891832229580574,0.46578366445916114,0.037527593818984545,0.20750551876379691,-0.21509399842113988,-0.02616710716458714,-0.10050737748687866,-0.13422800997537837,-0.08030928921529996,-0.17858235676564874,-0.10995248326289098,-0.14723998009423206,-0.23192512250390404,0.021514457599594104,0,-0.415542212670007,-7.938922825950643,0.6741259989819514,1.195733228230418e-10,0.7443876327254954,7.798374708365535e-12,0.31095571095571095,29394,206180,True,False,False,False,,,,,,,,,,,,,,,,,,False,False
84,i034>i024+i059|-,Chande Kroll Stop (kích hoạt) + Williams Fractal (xác nhận) + Bollinger Bands (xác nhận),False,1,15,225,119,106,0.38666666666666666,-5.358467186678217,22.513192552416157,0.913804285586817,-0.07713900000000327,-28.8626030246812,0.6917570269519983,36.85820845763606,-0.1282782356652498,-0.023815409718569856,0.7445204619022794,-0.6785208928273877,266.8888888888889,0.2222222222222222,0.3422222222222222,0.12,0.31555555555555553,-0.24201792936190536,-0.006099261554303308,-0.1671822441075106,-0.2688430277424088,-0.04347906528697364,-0.1424611279081308,-0.010943483937921338,-0.05274252455689212,-0.25235000347477604,-0.7549811121895273,0,-0.49286542099350833,-9.41618064674072,0.6741259989819514,2.095884962991095e-06,0.7443876327254954,5.339546666978477e-07,0.31095571095571095,29394,206180,True,False,False,False,,,,,,,,,,,,,,,,,,False,False
85,i034>i001|-,Chande Kroll Stop (kích hoạt) + SMA (xác nhận),False,1,31,1015,551,464,0.34088669950738915,-25.95426331287276,101.5133250754763,2.641221335812608,-0.33452800000000527,-130.44333772416167,0.7216454696724383,162.29101969287464,-0.1285156036691248,-0.02557070277130321,0.977397895452299,-0.7004828244404441,130.6975369458128,0.2896551724137931,0.3665024630541872,0.3142857142857143,0.029556650246305417,-0.19665491850311398,-0.05108895395843877,-0.14488220070531535,-0.07174724674516841,-0.1319577266645846,-0.17396481907044392,-0.11786266381356189,-0.15902142993207252,-0.04944897836170659,-0.17361551802569278,0,-0.5647999917319007,-10.790488691019958,0.6741259989819514,6.045310305274533e-09,0.7443876327254954,8.634420389120219e-10,0.31095571095571095,29394,206180,True,False,False,False,,,,,,,,,,,,,,,,,,False,False
86,i034>i052+i001|-,Chande Kroll Stop (kích hoạt) + Williams %R (xác nhận) + SMA (xác nhận),False,1,31,1015,551,464,0.34088669950738915,-25.95426331287276,101.5133250754763,2.641221335812608,-0.33452800000000527,-130.44333772416167,0.7216454696724383,162.29101969287464,-0.1285156036691248,-0.02557070277130321,0.977397895452299,-0.7004828244404441,130.6975369458128,0.2896551724137931,0.3665024630541872,0.3142857142857143,0.029556650246305417,-0.19665491850311398,-0.05108895395843877,-0.14488220070531535,-0.07174724674516841,-0.1319577266645846,-0.17396481907044392,-0.11786266381356189,-0.15902142993207252,-0.04944897836170659,-0.17361551802569278,0,-0.5647999917319007,-10.790488691019958,0.6741259989819514,6.045310305274533e-09,0.7443876327254954,8.634420389120219e-10,0.31095571095571095,29394,206180,True,False,False,False,,,,,,,,,,,,,,,,,,False,False
87,i052>i001|-,Williams %R (kích hoạt) + SMA (xác nhận),False,1,31,1011,457,554,0.26706231454005935,-26.941803329362703,101.12190300209693,2.4610953100808244,0.08808500000000476,-130.43671664154047,0.6414239012071393,138.89864545528212,-0.12901752387887286,-0.02664866798156548,0.8641714117519206,-0.4909082291694454,90.92185954500495,0.19683481701285854,0.17903066271018794,0.6211671612265084,0.002967359050445104,-0.17271037360700237,-0.08724785257109328,-0.14427362411974523,-0.06319326981143221,-0.16482536516079227,-0.12056115281148547,-0.15838474788414889,-0.10174234383050473,-0.11915152031730183,-0.17271097217225131,0,-0.9025726440942796,-17.243626153497377,0.6741259989819514,2.5814989630107007e-20,0.7443876327254954,5.409008792892147e-22,0.31095571095571095,29394,206180,True,False,False,False,,,,,,,,,,,,,,,,,,False,False
88,i034>i101+i052|-,Chande Kroll Stop (kích hoạt) + Median Price (xác nhận) + Williams %R (xác nhận),False,1,31,985,540,445,0.3472081218274112,-26.2084381905626,98.51143417363579,2.577424490961302,-0.3524830000000045,-127.64977985515971,0.7235482093889904,158.54625584645683,-0.12959368513214184,-0.026607551462500104,0.9768818257740328,-0.7181078760029219,133.44162436548223,0.29441624365482233,0.3918781725888325,0.28223350253807106,0.03147208121827411,-0.19700142930194017,-0.052842305430341754,-0.1453192271727463,-0.103173592433926,-0.12660193052394506,-0.1530012611008723,-0.12126773040778617,-0.15973612427210104,-0.04113834412361854,-0.18306675268042794,0,-0.5738790022061839,-10.963942942582532,0.6741259989819514,2.2103166809776404e-08,0.7443876327254954,3.706242476839819e-09,0.31095571095571095,29394,206180,True,False,False,False,,,,,,,,,,,,,,,,,,False,False
89,i034>i101+i001|-,Chande Kroll Stop (kích hoạt) + Median Price (xác nhận) + SMA (xác nhận),False,1,31,980,537,443,0.3469387755102041,-26.12680259683272,98.01043169016913,2.5617264169731846,-0.3469770000000045,-127.04593770397506,0.723349609688567,157.34866718817767,-0.1296387119428317,-0.026660002649829307,0.9770095979817659,-0.7175456265902743,133.82857142857142,0.29489795918367345,0.39081632653061227,0.2826530612244898,0.03163265306122449,-0.19933633732682432,-0.05241504713551852,-0.14947130064893172,-0.10369632439599903,-0.12715143140983326,-0.1530012611008723,-0.11806193779276838,-0.15642756342600816,-0.04753072042980545,-0.1805662424441047,0,-0.5625527400291113,-10.74755500752172,0.6741259989819514,2.1882457290932117e-08,0.7443876327254954,3.6040653440738404e-09,0.31095571095571095,29394,206180,True,False,False,False,,,,,,,,,,,,,,,,,,False,False
90,i024>i027+i052|-,Williams Fractal (kích hoạt) + Zig Zag (xác nhận) + Williams %R (xác nhận),False,1,31,673,363,310,0.38781575037147104,-19.50344292368138,67.30158946825914,1.5289837718099493,-0.10243800000000079,-88.43645416375045,0.7458312903155873,92.48112173639285,-0.13140632119428003,-0.028979855755841576,0.9942814326972181,-0.8445240487808847,158.41604754829123,0.337295690936107,0.5423476968796433,0.020802377414561663,0.09955423476968796,-0.20277350582893575,-0.06870658314861416,-0.145306811005107,-0.05816153568705874,-0.16982551543616992,-0.12343478134445099,-0.18128068343321319,-0.06545021887064115,-0.21196012154577498,-0.08026960291050039,0,-0.697254863659271,-13.321035466029869,0.6741259989819514,4.4155548800794945e-12,0.7443876327254954,3.6415386066711955e-13,0.31095571095571095,29394,206180,True,False,False,False,,,,,,,,,,,,,,,,,,False,False
91,i034>i061+i001|-,Chande Kroll Stop (kích hoạt) + Standard Error Bands (xác nhận) + SMA (xác nhận),False,1,31,772,393,379,0.3601036269430052,-24.873546364303124,77.2126906229436,1.962748562934489,0.05519100000000131,-103.9937945501812,0.7202210817887351,117.47331969635752,-0.1347069877593021,-0.03221961964287969,0.9629715847098121,-0.7524289374483988,144.86528497409327,0.3005181347150259,0.4378238341968912,0.20077720207253885,0.06088082901554404,-0.20366849727257857,-0.05893058327277206,-0.14638604130312796,-0.07333759494459778,-0.12498474068038823,-0.2433285189249877,-0.07809391535044738,-0.18467767983379024,-0.04090681073061482,-0.17555355479127077,0,-0.594296730601443,-11.354023095859056,0.6741259989819514,2.936432814112542e-10,0.7443876327254954,3.1403810584818016e-11,0.31095571095571095,29394,206180,True,False,False,False,,,,,,,,,,,,,,,,,,False,False
92,i024>i052+i099|-,Williams Fractal (kích hoạt) + Williams %R (xác nhận) + Average Price (xác nhận),False,1,31,810,414,396,0.3530864197530864,-29.415066274874203,81.00885878383298,1.8033115890796845,-0.015229000000000327,-112.24246564778686,0.7185609632334912,114.84588765676716,-0.13857094524418131,-0.03631489663564716,1.0020062936697385,-0.7610997435826947,143.77037037037036,0.3074074074074074,0.42345679012345677,0.22592592592592592,0.043209876543209874,-0.20235024310785507,-0.06678973998840386,-0.14349758797962042,-0.04671715506438444,-0.22135174142284783,-0.13156940330473918,-0.1677807261925562,-0.12970616699709064,-0.19337311999978363,-0.0691008798183628,0,-0.7209465956303053,-13.773665369794937,0.6741259989819514,1.697990050163603e-13,0.7443876327254954,1.0510868300624403e-14,0.31095571095571095,29394,206180,True,False,False,False,,,,,,,,,,,,,,,,,,False,False
93,i061>i024|-,Standard Error Bands (kích hoạt) + Williams Fractal (xác nhận),False,4,106,2025,997,1028,0.35901234567901236,-72.21568719875712,202.49955996728806,6.815744244753355,-0.048717999999998596,-281.57970941079856,0.7065566336640796,290.695519345047,-0.13905170835101163,-0.03566206775247266,0.9325875805854764,-0.7392687831251463,173.5046913580247,0.28444444444444444,0.4182716049382716,0.19753086419753085,0.09975308641975308,-0.19762264539377494,-0.08074554688109131,-0.11461326400531065,-0.16976492003202912,-0.12287003327692346,-0.1337585809518509,-0.14882957979829844,-0.1634567233469908,-0.131777990105386,-0.10650568360831728,0,-0.4401779240781159,-8.409587431538341,0.6741259989819514,4.4626517944406454e-26,0.7443876327254954,3.243556735879766e-29,0.31095571095571095,29394,206180,True,False,False,False,,,,,,,,,,,,,,,,,,False,False
94,i061>i101|-,Standard Error Bands (kích hoạt) + Median Price (xác nhận),False,2,61,1356,618,738,0.3635693215339233,-50.9358892595591,135.5587355949617,4.590411875341874,-0.21874899999998992,-191.30378572986268,0.7245442781140312,191.30378572986257,-0.14107948800137365,-0.03756334016191674,1.020680406837078,-0.8047499725382875,133.891592920354,0.3281710914454277,0.48525073746312686,0.13864306784660768,0.04793510324483776,-0.20922461449418817,-0.07098737610283924,-0.14388130282107267,-0.15461880894839639,-0.09940112489478044,-0.14471603721937792,-0.15750157739212153,-0.08372730498550049,-0.13714055330114303,-0.1743013442180917,0,-0.474175290437844,-9.059106203846051,0.6741259989819514,2.6932764981409826e-17,0.7443876327254954,3.0401708658709605e-19,0.31095571095571095,29394,206180,True,False,False,False,,,,,,,,,,,,,,,,,,False,False
95,i061>i001|-,Standard Error Bands (kích hoạt) + SMA (xác nhận),False,1,31,803,371,432,0.35367372353673726,-33.88207320023617,80.32832906124274,2.060030457027867,0.06889300000000337,-116.20153971850678,0.6930135809704207,126.40743453763477,-0.14470926490474068,-0.04219436264039374,0.9236684835054727,-0.7293321561349922,134.00622665006227,0.28144458281444584,0.41344956413449563,0.26899128268991285,0.0361145703611457,-0.21702107432542486,-0.07561254229300012,-0.1735137578362336,-0.1464487284647264,-0.07830078440768347,-0.19967667404265838,-0.12331572200153852,-0.1439982834316683,-0.12860543226770896,-0.16181446611874248,0,-0.6802460437969587,-12.996082418829763,0.6741259989819514,1.325161280542193e-11,0.7443876327254954,1.1869112154030882e-12,0.31095571095571095,29394,206180,True,False,False,False,,,,,,,,,,,,,,,,,,False,False
96,i024>i034+i052|-,Williams Fractal (kích hoạt) + Chande Kroll Stop (xác nhận) + Williams %R (xác nhận),False,1,31,772,398,374,0.3588082901554404,-33.63398289860171,77.21812989408485,1.7020031742525632,-0.09215899999999917,-112.64627496693913,0.7108280719969795,115.25284095336336,-0.14591486394681233,-0.043567335360883044,0.9996443273097909,-0.7869651588520226,148.99222797927462,0.30958549222797926,0.4533678756476684,0.1800518134715026,0.05699481865284974,-0.20735067362146659,-0.07592149353442479,-0.13592482171398468,-0.04563150940536973,-0.2258743705039667,-0.16047415698065884,-0.17197347931886686,-0.12706189139093022,-0.19176575745473454,-0.0985074567897983,0,-0.760917465546813,-14.537307767312958,0.6741259989819514,7.425085394690299e-13,0.7443876327254954,5.75405329320332e-14,0.31095571095571095,29394,206180,True,False,False,False,,,,,,,,,,,,,,,,,,False,False
97,i027>i001|-,Zig Zag (kích hoạt) + SMA (xác nhận),False,1,31,579,273,306,0.37823834196891193,-25.38987045030513,57.917600380831225,1.6929375169675815,-0.026701999999999282,-85.02711034810395,0.7249262565633281,96.55758954479087,-0.14685165863230387,-0.04385124430104513,1.0231940293763095,-0.8586294521708769,121.55094991364422,0.33506044905008636,0.5509499136442142,0.055267702936096716,0.05872193436960276,-0.23136444108666693,-0.058996595148752516,-0.17754273908933693,-0.16248976762118178,-0.078528187386477,-0.1772133063059132,-0.13174533298967656,-0.0361105696898873,-0.24533646203117274,-0.11772187056986591,0,-0.5481104095298958,-10.471634670756327,0.6741259989819514,2.1152993624817624e-11,0.7443876327254954,1.5300808689171979e-12,0.31095571095571095,29394,206180,True,False,False,False,,,,,,,,,,,,,,,,,,False,False
