rank,combo,indicators,trigger,confirm,filter,htf,n_signals,n_long,n_short,precision_long,precision_short,random_precision_long,random_precision_short,lift_long,lift_short,recall_fast_up,recall_fast_down,recall_fast,recall_slow,false_in_flat_share,false_in_pullback_share,false_counter_wave_share,false_late_share,latency_min_median,travelled_pct_median,lift_long_worst,lift_short_worst,n_signals_worst,precision_mean,enough_signals,precision_ok,eligible
1,i034>i101|-,Chande Kroll Stop (kích hoạt) + Median Price (xác nhận),i034,i101,,False,5807.0,2998.0,2845.0,0.5342960288808665,0.5395104895104895,0.4272090696898966,0.38792618629173986,1.2594881183964601,1.4124268143239687,0.4332273449920509,0.4495560936238902,0.44132959551461753,0.945054945054945,0.3809704321455648,0.13532979529946929,0.21645185746777862,0.26724791508718726,105.0,41.726324401717974,1.249712136332233,1.3254493850520341,5636,0.5369032591956779,True,True,True
2,i034>i024|-,Chande Kroll Stop (kích hoạt) + Williams Fractal (xác nhận),i034,i024,,False,4692.0,2360.0,2299.0,0.5351694915254237,0.5365853658536586,0.42693409742120353,0.3862151567944251,1.2883227587542985,1.4363037776909773,0.3600953895071542,0.38660209846650523,0.37324789747697235,0.9117647058823529,0.35681399631675875,0.14226519337016574,0.2223756906077348,0.2785451197053407,120.0,42.87912463669029,1.2301054650047936,1.284129447605909,4516,0.5358774286895411,True,True,True
3,i034>i024+i101|-,Chande Kroll Stop (kích hoạt) + Williams Fractal (xác nhận) + Median Price (xác nhận),i034,i024+i101,,False,4605.0,2320.0,2264.0,0.5349137931034482,0.5362885701868753,0.4263036164844407,0.38340747330960856,1.289108910891089,1.4425039691540031,0.3537360890302067,0.384180790960452,0.36884261113336003,0.9010989010989011,0.3511090136857008,0.14252005663048609,0.22699386503067484,0.2793770646531383,135.0,42.965557501459465,1.23403205918619,1.29005703533839,4416,0.5356011816451618,True,True,True
4,i024>i101|-,Williams Fractal (kích hoạt) + Median Price (xác nhận),i024,i101,,False,3789.0,1934.0,1845.0,0.5460697553357626,0.5320614732379438,0.4284126163391934,0.3896579804560261,1.2986119077664335,1.3716239316239316,0.3600953895071542,0.3744955609362389,0.3672406888265919,0.9010989010989011,0.3194523673702225,0.07722439843312814,0.2447058823529412,0.3428408442669709,135.0,44.87136657919862,1.234687103976827,1.3046585666948218,3763,0.5390656142868533,True,True,True
5,i034>i061|-,Chande Kroll Stop (kích hoạt) + Standard Error Bands (xác nhận),i034,i061,,False,4481.0,2221.0,2254.0,0.5366695427092321,0.5340151178301468,0.4200220750551876,0.3882079646017699,1.262416565932622,1.4084186575654152,0.35294117647058826,0.3785310734463277,0.3656387665198238,0.8602941176470589,0.36875,0.13846153846153847,0.21586538461538463,0.27692307692307694,105.0,41.84230287859821,1.2270742358078601,1.3119655564193027,4273,0.5353423302696894,True,True,True
6,i034>i061+i101|-,Chande Kroll Stop (kích hoạt) + Standard Error Bands (xác nhận) + Median Price (xác nhận),i034,i061+i101,,False,4347.0,2161.0,2192.0,0.5409617097061442,0.5351277372262774,0.422295755362848,0.38543000914913084,1.263059410572275,1.4009857929834733,0.3441971383147854,0.3688458434221146,0.3564277132559071,0.8455882352941176,0.3584905660377358,0.1385302879841112,0.2214498510427011,0.2815292949354518,105.0,41.951460121855305,1.2423845584467348,1.3146405952161349,4133,0.5380447234662108,True,True,True
7,i034>i027|-,Chande Kroll Stop (kích hoạt) + Zig Zag (xác nhận),i034,i027,,False,4285.0,2314.0,1878.0,0.5437277404036407,0.5654952076677316,0.42555047777316163,0.38815789473684215,1.334054266614235,1.4485439541703609,0.35930047694753575,0.34301856335754644,0.35122146575891067,0.4945054945054945,0.3059006211180124,0.13923395445134576,0.2463768115942029,0.3084886128364389,135.0,48.619264990328915,1.2603729376159327,1.353578154425612,3717,0.5546114740356862,True,True,True
8,i034>i027+i101|-,Chande Kroll Stop (kích hoạt) + Zig Zag (xác nhận) + Median Price (xác nhận),i034,i027+i101,,False,4159.0,2220.0,1843.0,0.541157294213529,0.564299424184261,0.4278713298791018,0.38414918414918414,1.3286508633304068,1.4516353514265832,0.35135135135135137,0.3357546408393866,0.3436123348017621,0.4835164835164835,0.2981333333333333,0.14026666666666668,0.2512,0.3104,135.0,48.71489361702128,1.2523336192542514,1.3445982383605968,3603,0.552728359198895,True,True,True
9,i024>i034|-,Williams Fractal (kích hoạt) + Chande Kroll Stop (xác nhận),i024,i034,,False,3441.0,1763.0,1673.0,0.5459070796460177,0.5363260484347312,0.4266874645490642,0.3863717872086073,1.310228760206944,1.393089399044112,0.33624801271860094,0.3414043583535109,0.33880656788145774,0.8602941176470589,0.3235668789808917,0.074354127284184,0.2337579617834395,0.3554140127388535,142.5,45.90208705072783,1.2429378531073445,1.3075095399236805,3394,0.5411165640403744,True,True,True
10,i024>i034+i101|-,Williams Fractal (kích hoạt) + Chande Kroll Stop (xác nhận) + Median Price (xác nhận),i024,i034+i101,,False,3400.0,1732.0,1653.0,0.5474330357142857,0.5363961813842482,0.4197573656845754,0.387568058076225,1.3110410094637222,1.3992876929165017,0.3322734499205087,0.3397901533494754,0.3360032038446135,0.8602941176470589,0.31729518855656696,0.07188295165394402,0.23797139141742524,0.358257477243173,150.0,45.92494532059403,1.26617120836774,1.3275251033668045,3342,0.541914608549267,True,True,True
11,i027>i101|-,Zig Zag (kích hoạt) + Median Price (xác nhận),i027,i101,,False,1618.0,717.0,901.0,0.5368852459016393,0.5399568034557235,0.41743375174337516,0.3902164111812444,1.3219344136787037,1.3980358174465626,0.30842607313195547,0.35754640839386603,0.3327993592310773,0.5808823529411765,0.1081441922563418,0.06750241080038573,0.4140461215932914,0.376502002670227,75.0,43.034141179162525,1.2211605686320206,1.288637353069221,832,0.5384210246786814,True,True,True
12,i024>i061|-,Williams Fractal (kích hoạt) + Standard Error Bands (xác nhận),i024,i061,,False,3290.0,1631.0,1664.0,0.5330528846153846,0.5234093637454982,0.42047823421213976,0.3862673926194798,1.274502815596265,1.3577701412752958,0.31558028616852146,0.3357546408393866,0.32559070885062075,0.8088235294117647,0.3153153153153153,0.08263395739186571,0.24324324324324326,0.33912483912483915,120.0,43.57220210842191,1.2350539515893846,1.2924262635245294,3252,0.5282311241804414,True,True,True
13,i024>i027|-,Williams Fractal (kích hoạt) + Zig Zag (xác nhận),i024,i027,,False,3058.0,1646.0,1383.0,0.5491525423728814,0.5386840202458424,0.42256716417910445,0.385589519650655,1.3517513566847557,1.394412878787879,0.33068362480127184,0.3107344632768362,0.32078494193031637,0.45454545454545453,0.25070224719101125,0.072992700729927,0.2642622950819672,0.3925561797752809,135.0,49.827324216051935,1.2560045210511444,1.3247729408080176,2585,0.5439182813093619,True,True,True
14,i034>i024+i061|-,Chande Kroll Stop (kích hoạt) + Williams Fractal (xác nhận) + Standard Error Bands (xác nhận),i034,i024+i061,,False,3711.0,1831.0,1880.0,0.5474567383324593,0.5335106382978724,0.4267466110531804,0.381283422459893,1.2755818926018692,1.4077929009874566,0.2957074721780604,0.33171912832929784,0.31357629154985983,0.8014705882352942,0.3401709401709402,0.14472934472934473,0.22678062678062677,0.2883190883190883,135.0,42.815055036152025,1.2290775809407453,1.3048754372189306,3510,0.5404836883151658,True,True,True
15,i034>i018|-,Chande Kroll Stop (kích hoạt) + SuperTrend (xác nhận),i034,i018,,False,3870.0,1988.0,1880.0,0.5412474849094567,0.5530179445350734,0.4195707715891671,0.3854550102249489,1.2976658192743242,1.407028223574986,0.2988871224165342,0.324455205811138,0.3115738886663997,0.7058823529411765,0.3413793103448276,0.1425287356321839,0.22816091954022988,0.28793103448275864,120.0,45.77226606538903,1.2653757155035925,1.3480374374229123,3783,0.5471327147222651,True,True,True
16,i024>i061+i101|-,Williams Fractal (kích hoạt) + Standard Error Bands (xác nhận) + Median Price (xác nhận),i024,i061+i101,,False,3029.0,1509.0,1526.0,0.5464516129032259,0.5239948119325551,0.4225721784776903,0.3863815789473684,1.2800614675374569,1.3753869321509247,0.29809220985691576,0.3171912832929782,0.3075690828994794,0.8014705882352942,0.3041958041958042,0.07258632840028188,0.24870466321243523,0.34475524475524477,135.0,45.047817869718784,1.2391304347826086,1.2924898024474125,2992,0.5352232124178905,True,True,True
17,i034>i101+i018|-,Chande Kroll Stop (kích hoạt) + Median Price (xác nhận) + SuperTrend (xác nhận),i034,i101+i018,,False,3758.0,1921.0,1837.0,0.5420319752449716,0.5542570951585977,0.42273445732349846,0.386071616640337,1.3064908842567848,1.4038616251005633,0.29411764705882354,0.3188054882970137,0.3063676411694033,0.7058823529411765,0.33293838862559244,0.14395734597156398,0.2334123222748815,0.2896919431279621,120.0,46.10585603794439,1.2600486072163022,1.35495335406486,3675,0.5481445352017846,True,True,True
18,i024>i027+i101|-,Williams Fractal (kích hoạt) + Zig Zag (xác nhận) + Median Price (xác nhận),i024,i027+i101,,False,2896.0,1556.0,1310.0,0.5491852745926373,0.5396946564885496,0.4251576292559899,0.38382740447957836,1.349647756766778,1.424257674886764,0.31319554848966613,0.2994350282485876,0.3063676411694033,0.45454545454545453,0.24091919940696813,0.07056307911617961,0.26801959412176346,0.39288361749444034,150.0,50.47047875090516,1.2457363191457809,1.3167970700849012,2432,0.5444399655405935,True,True,True
19,i034>i059|-,Chande Kroll Stop (kích hoạt) + Bollinger Bands (xác nhận),i034,i059,,False,3770.0,1835.0,1897.0,0.5449591280653951,0.5541731467081389,0.4237641606591144,0.3851162790697674,1.3221894048890845,1.4210346008907155,0.28298887122416533,0.324455205811138,0.30356427713255907,0.7384615384615385,0.3591549295774648,0.1449530516431925,0.21948356807511737,0.2764084507042254,135.0,44.08296899107545,1.267391700589343,1.3539707796904386,3634,0.5495661373867671,True,True,True
20,i061>i101|-,Standard Error Bands (kích hoạt) + Median Price (xác nhận),i061,i101,,False,2721.0,1304.0,1421.0,0.5351351351351351,0.5397607318789585,0.4226827430293896,0.3866295264623956,1.2661613909942042,1.371195176504911,0.2917329093799682,0.3139628732849072,0.302763315979175,0.7941176470588235,0.32034294621979736,0.07587859424920128,0.24629773967264224,0.34684333593141076,135.0,45.462402765773426,1.2440874609549308,1.3370089593383874,2681,0.5374479335070468,True,True,True
21,i034>i027+i024|-,Chande Kroll Stop (kích hoạt) + Zig Zag (xác nhận) + Williams Fractal (xác nhận),i034,i027+i024,,False,3519.0,1827.0,1586.0,0.5430597771023303,0.5693568726355611,0.42361614071391623,0.39070673344462997,1.3264722698684963,1.4490893043408486,0.29650238473767887,0.3018563357546408,0.29915899078894675,0.46153846153846156,0.2846488502175264,0.14418893722809198,0.2554381603480423,0.31572405220633937,165.0,49.99999999999978,1.2297734627831716,1.326495252616259,3068,0.5562083248689458,True,True,True
22,i027>i061|-,Zig Zag (kích hoạt) + Standard Error Bands (xác nhận),i027,i061,,False,1454.0,639.0,815.0,0.5467625899280576,0.5323741007194245,0.42174556213017755,0.3890010090817356,1.2981744421906694,1.398184176394293,0.2718600953895072,0.3268765133171913,0.29915899078894675,0.5230769230769231,0.10104011887072809,0.066815144766147,0.41570438799076215,0.3863298662704309,75.0,43.617378458232785,1.2479474548440066,1.293382693197594,755,0.539568345323741,True,True,True
23,i034>i059+i101|-,Chande Kroll Stop (kích hoạt) + Bollinger Bands (xác nhận) + Median Price (xác nhận),i034,i059+i101,,False,3675.0,1798.0,1857.0,0.5450500556173526,0.5544344131704726,0.42391304347826086,0.38148641449120935,1.323861801743623,1.4474431818181817,0.2774244833068362,0.3196125907990315,0.2983580296355627,0.7384615384615385,0.3506024096385542,0.14698795180722893,0.2246987951807229,0.277710843373494,135.0,44.407233757535195,1.265791119449656,1.3330419580419581,3548,0.5497422343939127,True,True,True
24,i027>i034|-,Zig Zag (kích hoạt) + Chande Kroll Stop (xác nhận),i027,i034,,False,1403.0,637.0,766.0,0.5425531914893617,0.5491606714628298,0.420094191522763,0.3840909090909091,1.3434801697643788,1.458648685840099,0.27019867549668874,0.3107344632768362,0.2979575490588706,0.5714285714285714,0.12057877813504823,0.06382978723404255,0.40722291407222916,0.3842443729903537,75.0,43.470319634703216,1.2254901960784315,1.2892927308447937,739,0.5458569314760957,True,True,True
25,i034>i031|-,Chande Kroll Stop (kích hoạt) + Donchian Channels (xác nhận),i034,i031,,False,3648.0,1927.0,1764.0,0.5485210171250648,0.55406162464986,0.42698209718670077,0.3845289079229122,1.307701435860923,1.4048473967684023,0.2845786963434022,0.3042776432606941,0.2943532238686424,0.6923076923076923,0.34673065386922614,0.14997000599880023,0.22255548890221954,0.28074385122975404,135.0,45.00309161158205,1.2482779275232105,1.3725642419066841,3615,0.5512913208874624,True,True,True
26,i024>i034+i061|-,Williams Fractal (kích hoạt) + Chande Kroll Stop (xác nhận) + Standard Error Bands (xác nhận),i024,i034+i061,,False,2798.0,1389.0,1396.0,0.5485915492957747,0.5260930888575458,0.4212207239176721,0.3850248403122783,1.2999255767799551,1.3862842434271008,0.2821939586645469,0.30104923325262306,0.29154985983179815,0.7867647058823529,0.3075153374233129,0.07335907335907337,0.24230145867098865,0.3565950920245399,150.0,46.35255186577586,1.2468407750631845,1.2807966349042836,2763,0.5373423190766602,True,True,True
27,i024>i027+i034|-,Williams Fractal (kích hoạt) + Zig Zag (xác nhận) + Chande Kroll Stop (xác nhận),i024,i027+i034,,False,2689.0,1442.0,1212.0,0.5564935064935065,0.5465884079236977,0.4236628300609343,0.3841754385964912,1.3683538240459843,1.4285714285714284,0.2988871224165342,0.28167877320419693,0.29034841810172207,0.45454545454545453,0.2471819645732689,0.07305577376276512,0.26024279210925644,0.3993558776167472,165.0,50.47139045360218,1.265681182580903,1.3252690563016989,2231,0.5515409572086021,True,True,True
28,i034>i031+i101|-,Chande Kroll Stop (kích hoạt) + Donchian Channels (xác nhận) + Median Price (xác nhận),i034,i031+i101,,False,3553.0,1878.0,1738.0,0.547923322683706,0.5525560022975301,0.4248284960422163,0.38865894039735094,1.3137967124299699,1.4245982694684796,0.27980922098569155,0.2994350282485876,0.289547456948338,0.6923076923076923,0.3390982087708462,0.1519456454601606,0.2279184681902409,0.2810376775787523,135.0,45.17248365238146,1.2570647785851814,1.357510759895576,3519,0.5502396624906181,True,True,True
29,i061>i027|-,Standard Error Bands (kích hoạt) + Zig Zag (xác nhận),i061,i027,,False,2370.0,1193.0,1135.0,0.5505011565150347,0.5485537190082644,0.4217813765182187,0.3854134165366615,1.333868217831712,1.409811320754717,0.2917329093799682,0.2857142857142857,0.28874649579495393,0.47692307692307695,0.232579185520362,0.0769927536231884,0.2817631806395851,0.39638009049773754,135.0,50.43446573613173,1.2420810136302551,1.3789692353348502,1906,0.5495274377616496,True,True,True
30,i061>i024|-,Standard Error Bands (kích hoạt) + Williams Fractal (xác nhận),i061,i024,,False,2578.0,1239.0,1334.0,0.5296052631578947,0.5389805097451275,0.4247853239656519,0.3873150887573965,1.274002954209749,1.3720262510254306,0.2742448330683625,0.3026634382566586,0.2883460152182619,0.7867647058823529,0.3161705551086082,0.08761583824768324,0.23732904263877716,0.35478680611423974,135.0,45.64646213774982,1.2092253974088025,1.2982456140350878,2550,0.5342928864515111,True,True,True
