indicator,key,htf,n_trades_median,expectancy_net_pct_median,expectancy_gross_pct_median,profit_factor_median,win_rate_median,max_drawdown_pct_median,expectancy_net_pct_worst,symbols_positive
SMA,i001,False,4912.0,-0.1016572604428454,0.004657248017759439,0.6883671075035493,0.26078990228013027,467.46593004388285,-0.10608053094227994,0
SMA,i001,True,1730.0,-0.08668779038474753,0.01542242189501598,0.8232807656642124,0.40853658536585363,182.05492069691613,-0.12399237821901163,0
EMA,i002,False,5090.0,-0.10321715763090324,-0.0012122651144804248,0.6394896196162996,0.23045186640471513,503.29762771502465,-0.10887689244329773,0
EMA,i002,True,1712.0,-0.07423739338924487,0.033106292731626095,0.853950431080559,0.4161490683229814,152.29198735637098,-0.12593702526539158,0
DEMA,i003,False,6951.0,-0.10750902325247266,-0.004730297935956667,0.6162641471712896,0.26542943461372465,725.7794531545597,-0.11559738830799876,0
DEMA,i003,True,2305.0,-0.0990619625190585,0.01239159333213259,0.7994620250246304,0.4066208619612742,228.6322855138012,-0.1216008503942397,0
TEMA,i004,False,7859.0,-0.10443562389214622,-0.003043945186189241,0.6210796951655855,0.29189464308436186,816.7691691107264,-0.10535935971402247,0
TEMA,i004,True,2619.0,-0.09235586262455006,0.009636668296397002,0.8082662644980575,0.4029032258064516,226.74100591359723,-0.10865970559199092,0
Hull MA,i005,False,8322.0,-0.09969060093996886,0.0022752768502103515,0.6322860917369172,0.3126652247055996,829.6251810224242,-0.10748914055918968,0
Hull MA,i005,True,2771.0,-0.09090038429732343,0.01101927922747017,0.824435347349249,0.403694730466384,276.9575110278715,-0.10207823370966802,0
Hamming MA,i006,False,4747.0,-0.09861568790843966,0.008657461825713308,0.7177035964644255,0.2801769538655993,436.1976033944905,-0.10456516386128772,0
Hamming MA,i006,True,1726.0,-0.08698175126719349,0.015036543447500321,0.8149029829294997,0.40498261877172653,175.10712576396278,-0.11914009320475412,0
Arnaud Legoux MA,i007,False,7681.0,-0.10264404071805137,-0.001632214592500826,0.5889090942679469,0.25790912641583125,800.8165915908829,-0.11252664431737809,0
Arnaud Legoux MA,i007,True,2429.0,-0.08513755173918015,0.021853498479393146,0.8144336153543584,0.4074074074074074,239.11987897966677,-0.12210747332063185,0
Least Squares MA,i008,False,4467.0,-0.1057554154998307,-0.003119339616408926,0.6850339459275994,0.2813969106783076,480.45381246806534,-0.11341446555992386,0
Least Squares MA,i008,True,1664.0,-0.10107975822514281,0.006552069406112589,0.8057838559323406,0.4022198731501057,173.82627801868608,-0.12160627091919417,0
Smoothed MA,i009,False,4314.0,-0.09558695388100936,0.0058683101517031004,0.6421993829500724,0.22438572090866946,417.75351448470053,-0.1091661069928342,0
Smoothed MA,i009,True,1458.0,-0.06808077578405881,0.04236880428654494,0.8649879769436267,0.4199881023200476,113.84294709299448,-0.11703004717527973,0
Adaptive MA,i010,False,3730.0,-0.10008342472130596,0.004509347271430981,0.7173689699326282,0.24718498659517427,378.5279037718343,-0.10831693421054774,0
Adaptive MA,i010,True,1352.0,-0.07366944911590285,0.028549058858930405,0.8569711219388612,0.4139030612244898,134.10180642397722,-0.12481025485510308,0
Multi-Timeframe MA,i011,False,1569.0,-0.07351116617381222,0.027264390172262884,0.7887375849434414,0.2638623326959847,120.3600804547085,-0.11171391434569324,0
Multi-Timeframe MA,i011,True,592.0,-0.12052440615396463,-0.017177337123719424,0.7462101041329147,0.38058252427184464,63.956149077922284,-0.1522308007140232,0
WMA,i012,False,5880.0,-0.10088907184231327,0.0018358130780168815,0.6586653405537274,0.2522108843537415,566.7977307485834,-0.11109798929499588,0
WMA,i012,True,1959.0,-0.0830808521817482,0.017871566327178286,0.8096757782755024,0.40519662921348315,185.0980579997153,-0.13508837820741848,0
McGinley Dynamic,i013,False,2987.0,-0.09429820950205542,0.006784596338329123,0.6998033304236828,0.23200535654502846,277.89485118570923,-0.10724152781509576,0
McGinley Dynamic,i013,True,1059.0,-0.08226693303717324,0.029479340740851998,0.8381571154280046,0.41625615763546797,106.01925181656719,-0.12019019344809534,0
Guppy MMA,i014,False,1311.0,-0.07826152033074932,0.02287572256988585,0.841260855306126,0.4072819644369179,104.53700149371447,-0.087941378964382,0
Guppy MMA,i014,True,666.0,-0.06213298768117702,0.03965021700412733,0.8522345300822709,0.4209039548022599,47.14404636657567,-0.08722333891790826,0
MA Cross,i015,False,1785.0,-0.0890000123949759,0.01128776444310508,0.7693043703967332,0.36694677871148457,156.5542702182936,-0.10903351953424006,0
MA Cross,i015,True,746.0,-0.07020063438497659,0.04158260903513113,0.8591984058073343,0.4205729166666667,60.28434618588163,-0.12851903674905837,0
EMA Cross,i016,False,1439.0,-0.08372130748683872,0.01857963252614845,0.7989419176074852,0.36246786632390743,120.70157724580591,-0.1010436434804573,0
EMA Cross,i016,True,566.0,-0.06644922287462811,0.034871635716552996,0.8654304409804442,0.4249084249084249,47.77912406499094,-0.07966185208239895,0
MA-EMA Cross,i017,False,3633.0,-0.08594288275763018,0.014719723292805574,0.7491714378085287,0.3612099644128114,316.39461896894767,-0.10204421217340129,0
MA-EMA Cross,i017,True,1564.0,-0.08974921772313953,0.02093034997829193,0.8114296949036849,0.4088200238379023,160.1930280517689,-0.1265306985247857,0
SuperTrend,i018,False,913.0,-0.058843447266264566,0.04142473013324232,0.8537542179037327,0.4139908256880734,75.2244381032902,-0.10560853318995159,0
SuperTrend,i018,True,328.0,-0.020276993323299457,0.08117254459740379,0.9584649466809976,0.44339622641509435,17.87683976092726,-0.10084280685032164,2
Ichimoku Cloud,i019,False,1425.0,-0.07715972488548177,0.03357559282706898,0.8380715370541334,0.37387755102040815,118.02597465140643,-0.09420046473118705,0
Ichimoku Cloud,i019,True,635.0,-0.11089094966584224,0.00030436324209077623,0.7882475160959165,0.4025974025974026,82.0529200073184,-0.1256038201031115,0
Parabolic SAR,i020,False,2535.0,-0.09602202066380337,0.014441333847162667,0.7633771913203745,0.3653148697659083,250.47605153269572,-0.11930279553061418,0
Parabolic SAR,i020,True,1074.0,-0.07638356840581226,0.025080601033876923,0.8381963391432318,0.41789473684210526,97.46778708266567,-0.12813797235791108,0
Directional Movement,i021,False,2103.0,-0.0949990509512864,0.006089831193153297,0.7346984836581845,0.3067047075606277,199.8589936874278,-0.10565371614779853,0
Directional Movement,i021,True,794.0,-0.08853981126428051,0.02321396453621314,0.827659900345081,0.4108322324966975,72.35463877630667,-0.10309159787999284,0
Vortex,i022,False,2951.0,-0.09341599452712239,0.007345632553397968,0.7317018434804251,0.31955269400203323,272.9270974034053,-0.1031799796373378,0
Vortex,i022,True,1117.0,-0.08381163324270044,0.027290182434098753,0.8340069248579877,0.41460674157303373,90.5276863814771,-0.10561221444117287,0
Williams Alligator,i023,False,1693.0,-0.07281269389935681,0.028454900088987756,0.8208596223276332,0.40821736249171636,133.37180072480015,-0.08487495641055424,0
Williams Alligator,i023,True,849.0,-0.0732807076671681,0.029911945971875967,0.8493805389292788,0.41208791208791207,60.90921733942628,-0.1440364092029304,0
Williams Fractal,i024,False,2704.0,-0.1000827492219469,0.002483797770749546,0.7671197708163011,0.3757490306661967,228.62389944967111,-0.11742857125619117,0
Williams Fractal,i024,True,1248.0,-0.08533089204445052,0.015820735198014586,0.804951838361563,0.40865384615384615,104.40484243074903,-0.10596548666945757,0
Aroon,i025,False,2277.0,-0.1098827318226287,-0.00743418316552339,0.7426199050222073,0.36869340232858994,229.44275058445834,-0.12254319600889144,0
Aroon,i025,True,958.0,-0.08502120665433349,0.017574357239536865,0.8048487297487648,0.4078341013824885,91.48844989702695,-0.11395267086294057,0
Trend Strength Index,i026,False,2352.0,-0.11001884920661628,-0.005963726215434896,0.7500645828293043,0.34720470786044555,223.5596407770228,-0.1167179034058963,0
Trend Strength Index,i026,True,983.0,-0.09762361018930883,0.014029041570700333,0.8153151698338651,0.4058252427184466,100.78789650825884,-0.12640446599833366,0
Zig Zag,i027,False,2369.0,-0.06254650102756885,0.04055759034054991,0.8704377380787831,0.4191977077363897,100.87000667142225,-0.09183656923039345,0
Zig Zag,i027,True,968.0,-0.05765992485374227,0.045320202533310414,0.8857986098037707,0.43201376936316693,67.73586259248853,-0.08247198756730226,1
Linear Regression Curve,i028,False,7543.0,-0.10374535223059678,-0.0024180837754511817,0.6336378091863087,0.3063767731671749,778.6182729343843,-0.10820797107155905,0
Linear Regression Curve,i028,True,2615.0,-0.09613979873705353,0.0064179875020306,0.8110261593414135,0.40355940355940356,237.33719893345113,-0.10820057220719154,0
Linear Regression Slope,i029,False,2352.0,-0.11001884920661628,-0.005963726215434896,0.7500645828293043,0.34720470786044555,223.5596407770228,-0.1167179034058963,0
Linear Regression Slope,i029,True,983.0,-0.09762361018930883,0.014029041570700333,0.8153151698338651,0.4058252427184466,100.78789650825884,-0.12640446599833366,0
Keltner Channels,i030,False,1134.0,-0.08465725374711128,0.016679133684665434,0.8388906003425647,0.40869565217391307,110.26587953892243,-0.13978887820409994,0
Keltner Channels,i030,True,667.0,-0.08864782414498626,0.014783741101228022,0.8226230371676008,0.41013824884792627,57.70973351838609,-0.15723808488435476,0
Donchian Channels,i031,False,1926.0,-0.08801831450695134,0.01474165511191981,0.8108361102490301,0.40350877192982454,159.0018387771825,-0.10922802272875724,0
Donchian Channels,i031,True,951.0,-0.08322594248956382,0.018071273125932145,0.8290788685486993,0.4195121951219512,77.22538882005625,-0.09464011660505679,0
Price Channel,i032,False,3171.0,-0.10778120771180001,-0.007546243808954552,0.6912316588294976,0.2478713339640492,307.5051286869316,-0.11906086050217678,0
Price Channel,i032,True,1179.0,-0.07994538016272842,0.025721318048039885,0.8325080344955997,0.41209406494960804,89.71237451179191,-0.09551388794969552,0
MA Channel,i033,False,2670.0,-0.0812156485597601,0.026516495383882767,0.8218355026717967,0.3595505617977528,231.07659559342787,-0.10306163008536538,0
MA Channel,i033,True,1156.0,-0.0690686838650897,0.04256173641175317,0.8631319823150301,0.4248046875,78.30031581623109,-0.10134415338164124,0
Chande Kroll Stop,i034,False,3093.0,-0.08072011622518803,0.021975095636698666,0.8017504008949728,0.3695023148148148,236.22207929564772,-0.10168004651230896,0
Chande Kroll Stop,i034,True,1443.0,-0.07558826247426624,0.02540125623934375,0.825067493090157,0.4167385677308024,127.83376375277354,-0.10660332473067702,0
52-Week High/Low,i035,False,784.0,-0.08949657079869694,0.011471858109803026,0.804782567743255,0.4120819848975189,76.58187412294474,-0.1333950095580125,0
52-Week High/Low,i035,True,537.0,-0.07612542899313951,0.025723587886771353,0.8543479653198323,0.4182590233545648,51.34214203128962,-0.17297109442211286,0
Majority Rule,i036,False,2804.0,-0.10799706082255428,-0.007771143794567089,0.7294723624932751,0.3450064850843061,294.78249929575617,-0.1412377586272805,0
Majority Rule,i036,True,1258.0,-0.11581900268115437,-0.014307796347899675,0.7773455858327508,0.3967065868263473,164.85843856007995,-0.1252906892847248,0
MACD,i038,False,2412.0,-0.09894602199175706,0.005956232744501534,0.7696803874286691,0.34338433843384336,229.54309782708208,-0.10505288832134858,0
MACD,i038,True,965.0,-0.0882157260982506,0.013788308469415887,0.800879785274541,0.4052044609665427,96.48323683256014,-0.1301735316401416,0
RSI,i039,False,2967.0,-0.09261459612285639,0.010395572868112992,0.7150301296193654,0.23255813953488372,264.382932840538,-0.10035918000129981,0
RSI,i039,True,1051.0,-0.07677973738636812,0.03493976708052582,0.8479090260286369,0.4182415776499589,98.09629335368169,-0.1216707748131925,0
Stochastic,i040,False,9468.0,-0.10209628061831671,0.0012958878160748552,0.5969015882725252,0.2917194761301225,969.1366663938479,-0.10701608322051205,0
Stochastic,i040,True,2958.0,-0.10402878980968307,-0.00039322434652584525,0.7979377977221869,0.4,316.50944065122707,-0.11014358977693355,0
Stochastic RSI,i041,False,6164.0,-0.11557519392697312,-0.009242029577499226,0.6316069334387506,0.30434782608695654,717.2331701510523,-0.11954715357775539,0
Stochastic RSI,i041,True,2348.0,-0.09998796599613106,0.0051981766540177355,0.7993782228268027,0.40269277845777235,254.59631318968025,-0.106173836820736,0
Connors RSI,i042,False,11448.0,-0.10232354650443333,-0.0016254385385363918,0.5502670102403656,0.26572327044025157,1171.8035957546283,-0.11203596758452576,0
Connors RSI,i042,True,3016.0,-0.09432029338322451,0.007212003190462403,0.8143897098532756,0.40251989389920423,296.8285510064414,-0.10394142278041456,0
Awesome Oscillator,i043,False,1454.0,-0.08131809033159323,0.02106930736752681,0.8142089969344499,0.3658854166666667,111.05650127888049,-0.1023275697783783,0
Awesome Oscillator,i043,True,590.0,-0.07698091001372008,0.024340797042857874,0.8455866876102153,0.4135593220338983,50.39744541338101,-0.1032497025516366,0
Accelerator Oscillator,i044,False,3405.0,-0.10046165860943539,0.005342351708350468,0.7127389051221537,0.34889867841409694,357.82065773006127,-0.10934971041322837,0
Accelerator Oscillator,i044,True,1436.0,-0.08828518963026462,0.02179092713057954,0.8141588098682835,0.4079895219384414,135.88477658166,-0.12370937971731419,0
Momentum,i045,False,3934.0,-0.09383356006393816,0.007252279783757993,0.6932256314618606,0.2979156075241485,338.5195182887388,-0.10997338725991933,0
Momentum,i045,True,1381.0,-0.07781346525383964,0.02324150181681384,0.8232317552535406,0.41278538812785387,112.92423565935685,-0.0923028185053933,0
Chande Momentum Oscillator,i046,False,4148.0,-0.09021157018935617,0.011541425232405502,0.7074038397559276,0.29725168756027,345.1527548620074,-0.10340666342469604,0
Chande Momentum Oscillator,i046,True,1448.0,-0.071968869726136,0.03943982638860175,0.8504462461062315,0.4176809737347854,115.50393400300771,-0.1188488697594903,0
Price Oscillator,i047,False,1389.0,-0.07647144812561965,0.02467942316618516,0.8433778927224967,0.3668240053944707,106.51172495560158,-0.09578432266921444,0
Price Oscillator,i047,True,541.0,-0.05379698055656046,0.04804159984018248,0.8937687591413592,0.42528735632183906,40.74483706036018,-0.07953026426680326,0
Detrended Price Oscillator,i048,False,2069.0,-0.08121415154947338,0.019881659198517986,0.766315051178776,0.28513876454789616,174.58439066649726,-0.11714165541356941,0
Detrended Price Oscillator,i048,True,760.0,-0.03929822223100759,0.06311055484587405,0.9044221699593606,0.4332833583208396,50.23810458222433,-0.0779255182519192,0
TRIX,i049,False,808.0,-0.0578163717673041,0.04306844649265102,0.8774421839171969,0.4185733512786003,49.693759745295196,-0.07747515012360144,0
TRIX,i049,True,318.0,-0.07641644216797262,0.025847206478480055,0.8287106718385245,0.42071197411003236,31.967549951214842,-0.12473788237656032,1
Fisher Transform,i050,False,5066.0,-0.09415459433106277,0.010511192433007419,0.7229277812956287,0.3274772996446901,460.6044927877651,-0.1018447323665684,0
Fisher Transform,i050,True,1988.0,-0.09231459764730025,0.008759206923220748,0.8066105468170552,0.40636042402826855,179.97556701733635,-0.1088142190432488,0
Ultimate Oscillator,i051,False,4498.0,-0.10626438842747761,-0.0035556438476390764,0.6664427135144375,0.29258692324513447,470.10843306809164,-0.11719865616530341,0
Ultimate Oscillator,i051,True,1693.0,-0.09323936465543357,0.01824731023060001,0.8184699333390122,0.40725806451612906,166.65126320150773,-0.13482788706171245,0
Williams %R,i052,False,3911.0,-0.10306561450636025,-0.0020534740509730648,0.6856612995464111,0.2587573510611097,412.51821623957045,-0.11510918089831064,0
Williams %R,i052,True,1407.0,-0.08205731800833359,0.020469395077289558,0.8391731347464015,0.41022280471821754,140.75318445580396,-0.11876943262621653,0
SMI Ergodic,i053,False,4080.0,-0.10118214747451348,-0.0005161269496610172,0.7192209895028813,0.304656862745098,411.5134754102796,-0.11207449112824476,0
SMI Ergodic,i053,True,1598.0,-0.08986116050501601,0.012213206237278345,0.7945183165249123,0.4084033613445378,159.79355011759682,-0.11697917285329207,0
Relative Vigor Index,i054,False,4805.0,-0.09283568625855679,0.008958654592524887,0.7245896651522306,0.35359001040582727,446.460404117843,-0.10298815229496468,0
Relative Vigor Index,i054,True,1897.0,-0.09339343296817632,0.017290464193019182,0.8179285330843885,0.4080592867068087,188.47531485520472,-0.1112584984317743,0
True Strength Index,i055,False,2139.0,-0.09605702465675088,0.005025290245349485,0.7846186527116268,0.3506311360448808,202.06338209452466,-0.11021675031800786,0
True Strength Index,i055,True,846.0,-0.09471758220731995,0.008382077388196135,0.8024676409100685,0.40543735224586286,86.49191014737093,-0.12262988727414006,0
Coppock Curve,i056,False,1697.0,-0.10242623638029745,-0.0018568637300666409,0.7654719317043205,0.36213757816941444,169.97769292431482,-0.12169397641308938,0
Coppock Curve,i056,True,708.0,-0.07489635576145774,0.02700960338995477,0.8551966506498314,0.4141689373297003,59.74253067660674,-0.1310642993388424,0
Rate of Change,i057,False,4148.0,-0.09021157018935617,0.011541425232405502,0.7074038397559276,0.29725168756027,345.1527548620074,-0.10340666342469604,0
Rate of Change,i057,True,1448.0,-0.071968869726136,0.03943982638860175,0.8504462461062315,0.4176809737347854,115.50393400300771,-0.1188488697594903,0
Klinger Oscillator,i058,False,4069.0,-0.10739901352190281,-0.006732384528109699,0.6912264421856321,0.29663307938068323,402.9094167998933,-0.11251455858862425,0
Klinger Oscillator,i058,True,1566.0,-0.08730259133523224,0.013879874690225091,0.7976942062372755,0.4043186895011169,134.0593856984458,-0.10841507733556768,0
Bollinger Bands,i059,False,1858.0,-0.09440041597670878,0.008380808786653234,0.8075083266946674,0.40012292562999385,158.69934875004034,-0.11508713105035827,0
Bollinger Bands,i059,True,908.0,-0.10187639819242117,0.0014659038661226315,0.7917058802620053,0.4062186559679037,99.78794705507576,-0.12332300863116087,0
BB %B,i060,False,3257.0,-0.09543542825993472,0.005253943935637372,0.7063342320946342,0.24531777709548663,314.53278343002836,-0.11063031937397867,0
BB %B,i060,True,1148.0,-0.08195343171026027,0.029524726129127835,0.8392095286594895,0.41139734582357534,97.3503851468996,-0.1178628874930354,0
Standard Error Bands,i061,False,2376.0,-0.09879831498429714,0.002915499091968237,0.7822262501561372,0.38215488215488214,210.81159469228905,-0.10966989240656716,0
Standard Error Bands,i061,True,1045.0,-0.10820642460839913,-0.0068224579372698395,0.7921206514626407,0.404553415061296,117.71072211119858,-0.13152514877626928,0
Envelopes,i062,False,3.0,-0.6508262475810258,-0.5499999999999992,0.20339474330090263,0.125,2.7026638148633566,-0.9032657398322773,0
Envelopes,i062,True,1.0,-0.506963725480794,-0.40000000000000036,0.3967141255351576,0.2,0.9026499244283233,-0.9040985668053636,1
Net Volume,i074,False,3312.0,-0.10632325884167845,-0.00031620407918465227,0.6563542229818107,0.3082665192148189,323.2885406702519,-0.13201642966294733,0
Net Volume,i074,True,1267.0,-0.10279576758044034,0.007473965739830576,0.8002360059612986,0.40173410404624277,139.2950035128749,-0.13520698938567688,0
OBV,i075,False,3523.0,-0.10273302315662722,0.007849405805907794,0.6619194056819641,0.2512063582174283,344.1295223530784,-0.12822475495707444,0
OBV,i075,True,1243.0,-0.10812291393238185,-0.00602641666556144,0.7891523779414518,0.3948959032907992,141.12352232044262,-0.11501884811395013,0
Accumulation/Distribution,i076,False,3849.0,-0.11065044016696801,-0.009532343990201584,0.6679215442535911,0.2722785138997142,400.1695291860071,-0.12222807285078988,0
Accumulation/Distribution,i076,True,1484.0,-0.11846025908655154,-0.013160318005930453,0.7696137553767644,0.3908355795148248,142.4730753159496,-0.12623267999801513,0
MFI,i077,False,2795.0,-0.09840329273420662,0.0018340304002081257,0.7120590561653113,0.32379248658318427,275.50836378862107,-0.10781069229576228,0
MFI,i077,True,1102.0,-0.08605985064995708,0.021122261483647833,0.8242471148328061,0.409534127843987,98.12026650531881,-0.10128323606348119,0
Chaikin Money Flow,i078,False,3186.0,-0.10065779009457473,4.534578257532937e-05,0.6907925708844213,0.321395492435937,298.9746909891794,-0.11095284952173197,0
Chaikin Money Flow,i078,True,1267.0,-0.10737252141296973,-0.0030644607421034266,0.7968973261965221,0.39936858721389107,135.6930476592909,-0.11452066048536703,0
Chaikin Oscillator,i079,False,3288.0,-0.11087116773466246,-0.009695517846208077,0.7000574627998353,0.31527531083481347,358.38285648314314,-0.12587749766067663,0
Chaikin Oscillator,i079,True,1394.0,-0.091333224868793,0.02019463039238847,0.822105284212935,0.4080056179775281,132.58417163086253,-0.13461868924346507,0
Ease of Movement,i080,False,3149.0,-0.10181834679304325,0.0021573947021721993,0.7047563496530294,0.3115274690377898,320.790494618431,-0.10766267140585775,0
Ease of Movement,i080,True,1163.0,-0.08057588996784919,0.031131006825222702,0.8368010613228734,0.4094240837696335,106.83210493660356,-0.1069360617499984,0
Elder Force Index,i081,False,2865.0,-0.09413884285906919,0.0065506766914563514,0.7102563468673778,0.26771378708551485,278.4251667704817,-0.11541567430300001,0
Elder Force Index,i081,True,1073.0,-0.07687272885904403,0.03096715362554961,0.8338505426795139,0.417420814479638,103.21167295464855,-0.13132112783263414,0
Price & Volume Trend,i082,False,2156.0,-0.09691954339396526,0.004254021138055491,0.7600982848582453,0.28385899814471244,224.38975304933382,-0.11103656469015163,0
Price & Volume Trend,i082,True,798.0,-0.08105780140611457,0.02102287938429445,0.823059589645317,0.4121756487025948,81.81781737376292,-0.1070273665806983,0
VWAP,i086,False,2710.0,-0.09272280707610592,0.011753509575560777,0.7184887465760147,0.23321033210332104,259.23303530640595,-0.10086784521010045,0
VWAP,i086,True,1020.0,-0.08647042460785469,0.014693197704592138,0.805595949377231,0.406720741599073,95.21923709310374,-0.11032668790214274,0
VWMA,i087,False,3490.0,-0.0987632269928606,0.0014375657448456574,0.6811812467854061,0.2475644699140401,342.86892805430205,-0.1243735715825741,0
VWMA,i087,True,1235.0,-0.07786943468830065,0.0313809619180449,0.8468674405208317,0.4138686131386861,110.92698993983359,-0.12609623274995213,0
Pivot Points Standard,i088,False,1181.0,-0.0705370386183831,0.0308041546757108,0.7699572285669918,0.2732463295269168,86.5989507721405,-0.10305107325828704,0
Pivot Points Standard,i088,True,455.0,-0.094136304983702,0.00694085216436273,0.8116840482932443,0.4065934065934066,51.123537726984495,-0.19043333326650017,0
Balance of Power,i089,False,3615.0,-0.09857320856832212,0.002169513358725289,0.6619557851438279,0.27717842323651454,358.89281494503535,-0.1284910902220649,0
Balance of Power,i089,True,1292.0,-0.08914754807738531,0.013025632571550197,0.8291466226808503,0.4077868852459016,134.78465793328814,-0.1321242472082465,0
Accumulative Swing Index,i090,False,2441.0,-0.10181698969173487,-0.0003792811124091463,0.720644006987764,0.2936420433664094,259.37492741485994,-0.11009471284345292,0
Accumulative Swing Index,i090,True,934.0,-0.10322280382987653,0.008221384357725483,0.8012433822924194,0.40350877192982454,121.75692467572307,-0.13463295455851487,0
Up/Down,i091,False,2695.0,-0.11143653343519658,-0.010768410500377764,0.6753378747477993,0.32061855670103095,300.33672044444677,-0.11819674851167815,0
Up/Down,i091,True,1127.0,-0.1118074051704973,-0.010488773109285724,0.7567940285188773,0.39520958083832336,133.44942331551366,-0.14753626414300405,0
Average Price,i099,False,2652.0,-0.1002041434357366,0.0030504624593618696,0.7411073375038957,0.2888386123680241,251.8360944413578,-0.10740461202224688,0
Average Price,i099,True,1026.0,-0.0792485421428257,0.03226638049745554,0.8441272270604914,0.41150442477876104,90.22223124901033,-0.11487346631406554,0
Typical Price,i100,False,2790.0,-0.09561540477322078,0.0051183331195006395,0.7398540026981058,0.278494623655914,243.78565962818243,-0.11071976351671214,0
Typical Price,i100,True,1061.0,-0.0829296670761562,0.028579651022131648,0.8371977644910288,0.4086206896551724,90.72053490499354,-0.11681644058337112,0
Median Price,i101,False,2845.0,-0.09337380979707188,0.006820002457799148,0.7309251119944127,0.28330404217926186,245.36618624867947,-0.11374683292014283,0
Median Price,i101,True,1065.0,-0.08124907281607317,0.030134891221079686,0.8406865812923691,0.4107292539815591,92.8881627437551,-0.10606017474012125,0
