pair,H,ic_train,t_train,days_train,ic_val,t_val,days_val,p_train,p_val_same_sign,fdr_train,val_confirm
ret_15_z*taker_imb_15,60,0.00675359917948408,2.3978431276247125,437,0.002333782500003316,0.5776178977105001,145,0.016491926529237675,0.28176106036626997,False,False
ret_15_z*rsi_14,60,0.006049561346794276,2.0827626546539024,437,0.006474606920301492,1.1458625255118464,145,0.03727286321597908,0.1259260195564258,False,False
ret_15_z*ema_dist_20_z,60,0.009251195161487884,2.928060694338275,437,0.009595215131497328,1.6753395371798534,145,0.0034108345559345672,0.04693381614189127,False,True
ret_15_z*ret_30_z,60,0.0002297487022156604,0.07356495998461768,437,0.010507768535531108,1.4988797865099082,145,0.9413565534429728,0.06695241056125995,False,False
ret_15_z*ema_dist_60_z,60,0.002179315977358475,0.7944515877536186,437,0.00512058954794094,0.8560539085252766,145,0.4269325819992428,0.19598398081259055,False,False
ret_15_z*pos_range_1440,60,0.005501110071001975,1.602373413501299,437,0.013150318112386157,2.273938179421891,145,0.10907306033812089,0.011484851874023138,False,True
ret_15_z*di_diff_60,60,-0.0015907093142371789,-0.5235327212166496,437,0.002863709009883553,0.4911491256163493,145,0.6006035866354571,0.6883395109076007,False,False
ret_15_z*dist_high_1440_z,60,0.010988928315153525,3.2134332246235497,437,0.011337085371090933,1.6887571062439328,145,0.0013115829200119255,0.045632993477991546,True,True
ret_15_z*taker_imb_60,60,-0.0030411174426607586,-1.253955102529191,437,0.0006080729404429615,0.09477678479511609,145,0.20985832492618073,0.5377539365498807,False,False
taker_imb_15*rsi_14,60,0.00308785858472717,1.0618123826915382,437,0.0010197401194531285,0.22768008374055854,145,0.2883208672293396,0.40994747834677225,False,False
taker_imb_15*ema_dist_20_z,60,0.004313782506169622,1.4920220221760017,437,0.001607153016848824,0.3953523016616223,145,0.13569337223227487,0.34629145273256423,False,False
taker_imb_15*ret_30_z,60,1.9455632821017585e-05,0.007198638042948277,437,0.0052982507866794525,0.8856194509265424,145,0.9942563674529791,0.18791131326261407,False,False
taker_imb_15*ema_dist_60_z,60,0.0002593562086869898,0.09981745339096212,437,-4.5764749144639285e-05,-0.009685481409761604,145,0.9204892514509024,0.5038638876293521,False,False
taker_imb_15*pos_range_1440,60,0.0023123919604971298,0.780800905298983,437,0.0055142995434939715,1.2429421349997711,145,0.4349196015252026,0.10694457872921087,False,False
taker_imb_15*di_diff_60,60,-0.0008932918494719619,-0.35856772725983566,437,-0.0040003431772563216,-0.9520139055100194,145,0.7199184933149843,0.17054496485606413,False,False
taker_imb_15*dist_high_1440_z,60,0.005522797487929796,1.8582779746258895,437,0.006242090529035412,1.2200571577667474,145,0.06312954993778877,0.11122160396194897,False,False
taker_imb_15*taker_imb_60,60,-0.0048275825616107765,-2.8300423546309075,437,-0.0071134089173314746,-1.6518197149617146,145,0.004654184238004469,0.04928565421833066,False,True
rsi_14*ema_dist_20_z,60,0.007098954089127005,2.330731939778009,437,0.00837358390160853,1.5222909415896995,145,0.019767498898420863,0.06396809839638433,False,False
rsi_14*ret_30_z,60,0.0021444366574242192,0.6401542465210154,437,0.010110179442994964,1.2734890983245588,145,0.522072324888943,0.10142226930173981,False,False
rsi_14*ema_dist_60_z,60,0.004298745007773211,1.4424707932025311,437,0.007601749078582875,1.1378635279199911,145,0.14916960522944311,0.12758873641082136,False,False
rsi_14*pos_range_1440,60,0.009211436414161455,2.313838669423005,437,0.016304411807904873,2.005114625393887,145,0.020676573338199104,0.022475397141930174,False,True
rsi_14*di_diff_60,60,0.0013248683793374556,0.38904139990279446,437,0.004370916120130524,0.6239797778932041,145,0.6972455213255349,0.2663204328277924,False,False
rsi_14*dist_high_1440_z,60,0.014774156425647209,3.6923616616530874,437,0.015138172949388193,1.652047404719018,145,0.00022218120219879143,0.049262443754220224,True,True
rsi_14*taker_imb_60,60,-0.0025549522618256728,-0.882170991975832,437,-0.00038936569832820843,-0.06097859093786455,145,0.3776843461834436,0.4756881296384865,False,False
ema_dist_20_z*ret_30_z,60,0.0032596145445703867,1.0259235839837924,437,0.013239037451686074,1.7316213283475836,145,0.3049276050676677,0.041670503099539756,False,True
ema_dist_20_z*ema_dist_60_z,60,0.006217556532104946,2.1867695833860687,437,0.011252735019192293,1.8224234683927207,145,0.028759348983756823,0.03419537816732881,False,True
ema_dist_20_z*pos_range_1440,60,0.008666754234703528,2.298569107179986,437,0.015467423119472584,1.9985936200869938,145,0.02152941946803455,0.022826170623051107,False,True
ema_dist_20_z*di_diff_60,60,0.0024679353859692957,0.7583882317809777,437,0.008470286619610827,1.334567547598826,145,0.4482186008604685,0.09100896266806296,False,False
ema_dist_20_z*dist_high_1440_z,60,0.013419349461108242,3.520038940333807,437,0.014373140876356527,1.6958691837725408,145,0.0004314834453548678,0.04495532839840818,True,True
ema_dist_20_z*taker_imb_60,60,-0.002298864063289377,-0.8181292389918555,437,0.0020744856624354555,0.3310681640113045,145,0.41328339477316944,0.6297035008333606,False,False
ret_30_z*ema_dist_60_z,60,0.003032713262800759,0.7802458625060338,437,0.01361316293309706,1.61793668603447,145,0.4352461719041155,0.05283812154181276,False,False
ret_30_z*pos_range_1440,60,0.009258330651342269,2.116773201319015,437,0.017045566987189394,2.1213601517996583,145,0.0342791007948693,0.016945752967902246,False,True
ret_30_z*di_diff_60,60,0.0016470832188112512,0.42443947953737515,437,0.006110211546030147,0.6803199921444777,145,0.6712453336954461,0.2481509342329924,False,False
ret_30_z*dist_high_1440_z,60,0.014763890496596032,3.3485667977826323,437,0.018539220175354153,1.9071729735573346,145,0.0008123069685387663,0.028249096019658713,True,True
ret_30_z*taker_imb_60,60,-0.0017960575715516732,-0.5920048255351882,437,0.002250855294912803,0.34624827039837275,145,0.5538473570543108,0.6354219294644194,False,False
ema_dist_60_z*pos_range_1440,60,0.010476382211162986,2.2229161759382214,437,0.013367921319116351,1.5575779489207544,145,0.02622145280914308,0.059666664656680454,False,False
ema_dist_60_z*di_diff_60,60,0.004647804242973304,1.1333877307185551,437,0.0005465219859574338,0.06390615155898374,145,0.2570514642045507,0.47452247702903644,False,False
ema_dist_60_z*dist_high_1440_z,60,0.017072053417213594,3.5811657797935768,437,0.016662956391060333,1.642278531690942,145,0.0003420645132189673,0.05026614706051958,True,False
ema_dist_60_z*taker_imb_60,60,-0.0005293943510490857,-0.15542986210829546,437,-0.001306040423314813,-0.19779533323548557,145,0.8764824436699877,0.42160259878959655,False,False
pos_range_1440*di_diff_60,60,0.007452299161981734,1.4017238120811784,437,0.008670164045457937,0.9044168416720444,145,0.16099773708077958,0.18288720555910426,False,False
pos_range_1440*dist_high_1440_z,60,-0.003042123260986359,-0.6025637266475137,437,0.008205857285409835,0.6740353368061183,145,0.5467989572181116,0.7498555759436737,False,False
pos_range_1440*taker_imb_60,60,0.006867334223939267,1.4988778111768928,437,-7.571453263877227e-05,-0.011559661856714046,145,0.133905333664233,0.5046115351582261,False,False
di_diff_60*dist_high_1440_z,60,0.012876357014430604,2.557995502468771,437,0.015009878414751385,1.377146809780963,145,0.01052774538414723,0.08423343143909595,False,False
di_diff_60*taker_imb_60,60,0.0006661939486974496,0.17939886214134487,437,-0.013055511276931464,-1.6553337513063773,145,0.8576245247737362,0.9510715919046895,False,False
dist_high_1440_z*taker_imb_60,60,0.009322099115164368,2.0682147806547975,437,0.004935130542973228,0.6372014690057894,145,0.03861983098934384,0.261996810472237,False,False
ret_15_z*taker_imb_15,240,0.008691983534224469,2.703190522863651,437,0.007828738284401253,1.6567212973301841,145,0.006867736849887062,0.04878791757136032,False,True
ret_15_z*rsi_14,240,0.00976953899698395,2.920452596938817,437,0.011090815668755374,2.100756086684692,145,0.0034952336612476846,0.0178311915419204,False,True
ret_15_z*ema_dist_20_z,240,0.013324705417352095,2.888607581375115,437,0.01828359308927143,2.679160281612944,145,0.0038695163853935993,0.0036903527364529,False,True
ret_15_z*ret_30_z,240,0.008571801290872736,2.5816312059197264,437,0.015927481420370294,3.121742104332733,145,0.009833460445442749,0.0008989217751580115,False,True
ret_15_z*ema_dist_60_z,240,0.008934189960247549,2.5139758836501476,437,0.011422573710315442,2.0070416506333513,145,0.011937859692814067,0.02237261414365002,False,True
ret_15_z*pos_range_1440,240,0.003934676684965354,1.3682457788646603,437,0.006574044085969232,1.345199446171461,145,0.17123515650631216,0.08928041751727916,False,False
ret_15_z*di_diff_60,240,0.0028350864876990033,1.1381780570748812,437,-0.001050364523154641,-0.2633031959985834,145,0.2550461393385812,0.6038415517348358,False,False
ret_15_z*dist_high_1440_z,240,0.006762329403440445,2.312983889287239,437,0.006497445375284468,1.3397530072577557,145,0.02072352493383049,0.09016282902784795,False,False
ret_15_z*taker_imb_60,240,-0.00023875392077480546,-0.09424325721285814,437,-0.00027371145150483243,-0.05512359245038255,145,0.9249159233775065,0.4780200003299736,False,False
taker_imb_15*rsi_14,240,0.006011501165823743,2.317670462972202,437,0.002695734173438583,0.5998214398196513,145,0.020467237472901384,0.274312621582394,False,False
taker_imb_15*ema_dist_20_z,240,0.007801673727907553,2.730393341772613,437,0.006347268052710768,1.4548683001165619,145,0.006325879888496974,0.07285286260713841,False,False
taker_imb_15*ret_30_z,240,0.006859098845650761,2.836062191791797,437,0.00901114745754778,2.252943505400361,145,0.004567355108974528,0.012131355645234496,False,True
taker_imb_15*ema_dist_60_z,240,0.007039142088486557,2.9819848481632154,437,0.0043965313105836555,1.007727773988605,145,0.0028638617220849093,0.15679258385195938,False,False
taker_imb_15*pos_range_1440,240,0.0009714781264016096,0.3273321468354931,437,0.0016670851307688658,0.36399896026625134,145,0.7434166808085576,0.3579293928954379,False,False
taker_imb_15*di_diff_60,240,0.0034449513499077503,1.5324239432454183,437,-0.0024252408100977414,-0.6946704573475051,145,0.12541785275199416,0.7563690769129834,False,False
taker_imb_15*dist_high_1440_z,240,0.0029605108688160026,1.1251694686801348,437,0.00163938205643084,0.35551199795065475,145,0.2605172282081515,0.361103029081572,False,False
taker_imb_15*taker_imb_60,240,-0.0013979829696207256,-0.6368626160099685,437,-0.007199480094752703,-1.517649089099713,145,0.5242143354653221,0.06455144237577587,False,False
rsi_14*ema_dist_20_z,240,0.011741732370855972,3.3438249595715583,437,0.015293621350624797,3.260438198155109,145,0.0008263185595885302,0.0005562010334512155,True,True
rsi_14*ret_30_z,240,0.009106475997452802,2.614813594758068,437,0.01225583654726194,2.182154948917697,145,0.008927616371496529,0.014549049468918749,False,True
rsi_14*ema_dist_60_z,240,0.010919907201998593,3.391583623024461,437,0.01244023530621104,2.419754748640955,145,0.0006948995424652727,0.007765488943304173,True,True
rsi_14*pos_range_1440,240,0.004536063205929721,1.25605457551825,437,0.008322890543584465,1.1718915630942408,145,0.2090961837458084,0.1206202973929753,False,False
rsi_14*di_diff_60,240,0.004586541690512014,1.4883081191302328,437,-0.0015581392065821603,-0.3139344266799642,145,0.13666965475687154,0.6232145787531477,False,False
rsi_14*dist_high_1440_z,240,0.0073161870443010125,1.9650183486771629,437,0.00806925076455485,1.1390591942082957,145,0.04941211389650267,0.12733923284136317,False,False
rsi_14*taker_imb_60,240,0.0019626691680689635,0.5777931952119838,437,-0.0018888450197824403,-0.3084185477016326,145,0.563403750019435,0.6211180648099062,False,False
ema_dist_20_z*ret_30_z,240,0.010224407601098457,2.661265226036075,437,0.017402937912187548,2.958526580312255,145,0.0077847609109806875,0.001545567910745371,False,True
ema_dist_20_z*ema_dist_60_z,240,0.012607256769749192,3.3742884771188253,437,0.018786496346209335,3.3546902310181674,145,0.0007400676752482596,0.0003972695117741221,True,True
ema_dist_20_z*pos_range_1440,240,0.004699624516406657,1.456843334275042,437,0.009216919050352707,1.4041071907732101,145,0.14515963088683861,0.08014346633455127,False,False
ema_dist_20_z*di_diff_60,240,0.00554956981415547,1.8894698348168768,437,0.003847830045813071,0.8266877366505012,145,0.058828901061453574,0.20420703697317943,False,False
ema_dist_20_z*dist_high_1440_z,240,0.007128041953206221,2.1610974532934617,437,0.009265213722335896,1.4884161751175218,145,0.030687812268190735,0.06832058673599035,False,False
ema_dist_20_z*taker_imb_60,240,0.0023699037372311555,0.7261179766249384,437,0.001382944314909238,0.24993356855701948,145,0.4677664495682956,0.40131936145131475,False,False
ret_30_z*ema_dist_60_z,240,0.010937488997920882,2.442553378676167,437,0.019856729012494103,2.536487368553067,145,0.014583772759281384,0.005598539103979783,False,True
ret_30_z*pos_range_1440,240,0.0052089413883125955,1.2958355482828965,437,0.004905798771960419,0.8545866771984005,145,0.19503214804832514,0.1963900028728625,False,False
ret_30_z*di_diff_60,240,0.006572652140204492,1.92514383567567,437,0.0035526323687723248,0.6427910282364442,145,0.054211366207361916,0.26017985272769384,False,False
ret_30_z*dist_high_1440_z,240,0.008519439521745994,2.106662701210734,437,0.005458896073698077,0.9208498578433184,145,0.03514682749731009,0.17856441021545605,False,False
ret_30_z*taker_imb_60,240,0.0018496980584567326,0.5112973976448717,437,0.0008089077018157401,0.1225959398605538,145,0.6091428269760123,0.45121353485635496,False,False
ema_dist_60_z*pos_range_1440,240,0.003053854585551957,0.620134791308622,437,0.008787847931627455,0.9834885852959657,145,0.5351690483725551,0.16268351526064478,False,False
ema_dist_60_z*di_diff_60,240,0.006430754384509954,1.5494331081848498,437,-0.0014357911699050812,-0.2128591319593287,145,0.1212776400334379,0.5842815800951016,False,False
ema_dist_60_z*dist_high_1440_z,240,0.006881574820751104,1.2847071705328792,437,0.009354906383334229,1.0063284405081374,145,0.1988946316133351,0.15712880192636763,False,False
ema_dist_60_z*taker_imb_60,240,0.0033671148781072523,0.7809439344878302,437,-0.0036900815217471585,-0.4503601027045297,145,0.43483547040755954,0.6737745959251153,False,False
pos_range_1440*di_diff_60,240,0.001546152414724353,0.21985542401551034,437,0.009163379816676797,0.8955727376870207,145,0.8259837533574605,0.18524050075601245,False,False
pos_range_1440*dist_high_1440_z,240,0.005088347924759938,0.5548823192990864,437,0.005984964380663402,0.29038079025874497,145,0.5789751561501932,0.38576246902444655,False,False
pos_range_1440*taker_imb_60,240,0.0018778843163421153,0.35866542192734563,437,-0.0025002565929861686,-0.3111784178634638,145,0.7198453988459756,0.6221675054156033,False,False
di_diff_60*dist_high_1440_z,240,0.0028467178181398774,0.3984442212309392,437,0.005197358572590578,0.44490593386625066,145,0.6903027666734005,0.3281938671175405,False,False
di_diff_60*taker_imb_60,240,0.001616868848227959,0.3838133651492198,437,-0.012941267959113243,-1.5689933424984712,145,0.7011167814241074,0.941675254854113,False,False
dist_high_1440_z*taker_imb_60,240,0.002904849939025468,0.6058573957547517,437,-0.001342497505294071,-0.1590836823309574,145,0.5446094525643218,0.563198527945119,False,False
